,x
1,1
2,2
3,1
4,1
5,1
6,1
7,2
8,1
9,1
10,2
11,1
12,2
13,2
14,1
15,2
16,1
17,1
18,2
19,2
20,1
21,2
22,1
23,1
24,2
25,2
26,2
27,1
28,1
29,2
30,1
31,1
32,1
33,1
34,1
35,1
36,1
37,2
38,2
39,1
40,2
41,1
42,2
43,1
44,1
45,1
46,1
47,1
48,2
49,1
50,1
51,2
52,1
53,2
54,2
55,2
56,2
57,1
58,1
59,2
60,1
61,2
62,1
63,2
64,1
65,2
66,1
67,2
68,2
69,1
70,2
71,1
72,1
73,2
74,2
75,2
76,1
77,2
78,2
79,2
80,2
81,1
82,1
83,2
84,1
85,2
86,2
87,2
88,1
89,2
90,2
91,1
92,1
93,1
94,1
95,2
96,1
97,1
98,1
99,1
100,2
101,1
102,1
103,2
104,1
105,2
106,1
107,1
108,2
109,1
110,2
111,1
112,1
113,2
114,1
115,1
116,2
117,2
118,1
119,1
120,2
121,2
122,2
123,1
124,1
125,2
126,2
127,1
128,2
129,2
130,2
131,2
132,2
133,2
134,2
135,2
136,2
137,1
138,1
139,1
140,2
141,2
142,1
143,1
144,1
145,1
146,2
147,2
148,2
149,2
150,2
151,2
152,2
153,1
154,1
155,2
156,1
157,2
158,2
159,2
160,1
161,2
162,2
163,2
164,1
165,2
166,2
167,1
168,2
169,1
170,1
171,1
172,2
173,2
174,1
175,1
176,2
177,2
178,2
179,1
180,2
181,2
182,1
183,1
184,1
185,1
186,1
187,1
188,2
189,1
190,1
191,1
192,1
193,1
194,1
195,1
196,2
197,1
198,1
199,2
200,1
201,2
202,2
203,2
204,2
205,2
206,2
207,1
208,1
209,2
210,2
211,2
212,2
213,1
214,1
215,1
216,1
217,1
218,2
219,1
220,1
221,1
222,2
223,1
224,2
225,1
226,1
227,2
228,2
229,1
230,1
231,2
232,2
233,2
234,2
235,1
236,1
237,2
238,2
239,2
240,2
241,1
242,1
243,1
244,1
245,1
246,1
247,2
248,1
249,1
250,2
251,1
252,2
253,1
254,2
255,1
256,1
257,1
258,1
259,2
260,2
261,1
262,1
263,1
264,2
265,1
266,1
267,2
268,2
269,2
270,2
271,2
272,1
273,2
274,1
275,2
276,1
277,2
278,1
279,2
280,2
281,1
282,1
283,2
284,2
285,1
286,2
287,1
288,2
289,2
290,2
291,2
292,2
293,1
294,1
295,1
296,2
297,2
298,2
299,2
300,2
301,1
302,2
303,1
304,2
305,1
306,2
307,2
308,1
309,1
310,2
311,2
312,2
313,1
314,1
315,1
316,1
317,2
318,2
319,2
320,1
321,1
322,1
323,2
324,1
325,2
326,1
327,1
328,1
329,1
330,2
331,1
332,2
333,2
334,1
335,1
336,1
337,2
338,2
339,2
340,2
341,2
342,1
343,1
344,1
345,1
346,2
347,1
348,1
349,2
350,1
351,1
352,2
353,2
354,2
355,1
356,2
357,1
358,1
359,1
360,2
361,1
362,1
363,1
364,1
365,2
366,2
367,1
368,2
369,2
370,1
371,1
372,2
373,1
374,1
375,2
376,2
377,1
378,2
379,1
380,1
381,1
382,2
383,1
384,2
385,1
386,1
387,2
388,1
389,1
390,1
391,2
392,2
393,2
394,2
395,2
396,2
397,1
398,1
399,2
400,2
401,2
402,2
403,1
404,2
405,2
406,2
407,2
408,1
409,2
410,1
411,2
412,2
413,1
414,2
415,2
416,2
417,1
418,1
419,1
420,1
421,1
422,1
423,1
424,2
425,1
426,2
427,1
428,2
429,2
430,2
431,1
432,1
433,1
434,2
435,1
436,2
437,2
438,2
439,1
440,2
441,2
442,1
443,1
444,1
445,2
446,2
447,2
448,1
449,1
450,2
451,2
452,1
453,1
454,2
455,2
456,1
457,2
458,1
459,1
460,1
461,1
462,2
463,1
464,2
465,1
466,1
467,2
468,1
469,1
470,1
471,1
472,1
473,2
474,1
475,2
476,1
477,1
478,1
479,2
480,1
481,1
482,2
483,2
484,1
485,2
486,1
487,2
488,2
489,2
490,2
491,2
492,2
493,2
494,2
495,2
496,1
497,1
498,1
499,2
500,2
501,1
502,1
503,1
504,2
505,1
506,1
507,1
508,2
509,2
510,2
511,1
512,2
513,1
514,2
515,2
516,1
517,2
518,1
519,2
520,1
521,1
522,2
523,1
524,1
525,2
526,1
527,2
528,2
529,2
530,1
531,2
532,2
533,1
534,1
535,1
536,1
537,2
538,2
539,1
540,2
541,1
542,2
543,2
544,2
545,1
546,1
547,1
548,2
549,1
550,1
551,1
552,1
553,2
554,1
555,2
556,2
557,1
558,2
559,1
560,2
561,2
562,1
563,2
564,1
565,2
566,2
567,2
568,1
569,1
570,2
571,1
572,2
573,1
574,1
575,1
576,2
577,2
578,1
579,2
580,1
581,2
582,1
583,1
584,2
585,1
586,1
587,2
588,1
589,1
590,2
591,1
592,2
593,2
594,2
595,1
596,1
597,2
598,2
599,2
600,1
601,1
602,1
603,2
604,1
605,2
606,1
607,2
608,1
609,2
610,1
611,2
612,2
613,1
614,1
615,2
616,1
617,2
618,1
619,2
620,1
621,1
622,1
623,2
624,2
625,2
626,1
627,2
628,1
629,1
630,2
631,2
632,2
633,1
634,1
635,1
636,2
637,2
638,1
639,2
640,2
641,2
642,1
643,2
644,1
645,2
646,1
647,2
648,2
649,2
650,1
651,2
652,1
653,1
654,1
655,1
656,1
657,2
658,1
659,2
660,2
661,1
662,1
663,2
664,1
665,2
666,2
667,1
668,2
669,2
670,2
671,2
672,2
673,1
674,1
675,2
676,1
677,1
678,2
679,1
680,1
681,2
682,1
683,1
684,1
685,1
686,1
687,2
688,1
689,1
690,2
691,2
692,1
693,1
694,2
695,1
696,1
697,2
698,1
699,2
700,2
701,2
702,2
703,2
704,1
705,1
706,1
707,2
708,2
709,1
710,1
711,1
712,2
713,1
714,1
715,2
716,1
717,2
718,1
719,2
720,1
721,1
722,1
723,1
724,2
725,2
726,2
727,2
728,2
729,1
730,1
731,1
732,2
733,2
734,2
735,2
736,2
737,1
738,2
739,2
740,1
741,2
742,1
743,1
744,1
745,2
746,1
747,2
748,1
749,2
750,1
751,1
752,1
753,1
754,1
755,2
756,2
757,1
758,1
759,2
760,2
761,1
762,1
763,1
764,1
765,1
766,1
767,1
768,1
769,1
770,2
771,1
772,1
773,2
774,1
775,2
776,1
777,2
778,1
779,1
780,2
781,1
782,2
783,1
784,1
785,1
786,1
787,2
788,1
789,2
790,2
791,2
792,1
793,2
794,2
795,1
796,2
797,2
798,2
799,2
800,1
801,2
802,2
803,1
804,1
805,2
806,1
807,1
808,2
809,1
810,2
811,2
812,2
813,2
814,2
815,2
816,2
817,1
818,1
819,1
820,2
821,2
822,2
823,2
824,2
825,2
826,2
827,1
828,1
829,1
830,1
831,2
832,2
833,2
834,2
835,2
836,1
837,2
838,1
839,2
840,2
841,2
842,2
843,2
844,1
845,2
846,2
847,2
848,2
849,2
850,1
851,2
852,2
853,2
854,2
855,2
856,1
857,2
858,2
859,2
860,2
861,2
862,2
863,1
864,1
865,2
866,1
867,1
868,2
869,2
870,1
871,2
872,2
873,1
874,1
875,1
876,2
877,2
878,1
879,1
880,2
881,1
882,2
883,2
884,1
885,1
886,1
887,2
888,2
889,2
890,1
891,2
892,2
893,2
894,1
895,1
896,1
897,2
898,2
899,2
900,2
901,2
902,1
903,1
904,2
905,1
906,2
907,1
908,1
909,1
910,2
911,1
912,2
913,2
914,2
915,1
916,1
917,1
918,1
919,1
920,2
921,2
922,1
923,2
924,2
925,2
926,1
927,1
928,2
929,1
930,1
931,2
932,1
933,2
934,2
935,1
936,2
937,2
938,1
939,1
940,2
941,2
942,2
943,2
944,1
945,2
946,1
947,2
948,1
949,2
950,1
951,2
952,1
953,2
954,2
955,1
956,2
957,2
958,2
959,1
960,1
961,2
962,1
963,1
964,2
965,2
966,1
967,2
968,2
969,1
970,1
971,2
972,1
973,1
974,1
975,1
976,1
977,2
978,1
979,1
980,1
981,2
982,1
983,2
984,1
985,1
986,1
987,2
988,1
989,1
990,2
991,1
992,1
993,1
994,1
995,1
996,1
997,2
998,1
999,1
1000,1
1001,2
1002,2
1003,2
1004,2
1005,1
1006,1
1007,2
1008,1
1009,1
1010,1
1011,2
1012,1
1013,2
1014,1
1015,1
1016,2
1017,1
1018,1
1019,2
1020,1
1021,2
1022,2
1023,1
1024,2
1025,1
1026,2
1027,2
1028,2
1029,1
1030,1
1031,2
1032,1
1033,1
1034,2
1035,2
1036,1
1037,1
1038,2
1039,1
1040,2
1041,1
1042,1
1043,2
1044,2
1045,2
1046,2
1047,1
1048,1
1049,2
1050,2
1051,1
1052,2
1053,1
1054,1
1055,2
1056,1
1057,2
1058,2
1059,1
1060,2
1061,2
1062,2
1063,2
1064,1
1065,2
1066,2
1067,2
1068,2
1069,2
1070,2
1071,1
1072,1
1073,2
1074,2
1075,1
1076,1
1077,2
1078,2
1079,2
1080,1
1081,1
1082,1
1083,1
1084,2
1085,1
1086,2
1087,2
1088,2
1089,2
1090,1
1091,2
1092,2
1093,2
1094,1
1095,1
1096,1
1097,1
1098,1
1099,1
1100,1
1101,1
1102,1
1103,2
1104,1
1105,1
1106,2
1107,1
1108,2
1109,1
1110,2
1111,2
1112,2
1113,2
1114,1
1115,2
1116,1
1117,1
1118,2
1119,1
1120,2
1121,2
1122,2
1123,2
1124,2
1125,1
1126,1
1127,2
1128,1
1129,2
1130,2
1131,2
1132,1
1133,2
1134,2
1135,1
1136,1
1137,2
1138,1
1139,2
1140,1
1141,1
1142,1
1143,2
1144,1
1145,1
1146,2
1147,1
1148,1
1149,1
1150,1
1151,1
1152,1
1153,2
1154,1
1155,1
1156,2
1157,2
1158,1
1159,2
1160,1
1161,2
1162,2
1163,2
1164,2
1165,1
1166,1
1167,2
1168,2
1169,1
1170,2
1171,1
1172,1
1173,1
1174,1
1175,2
1176,2
1177,2
1178,2
1179,1
1180,2
1181,2
1182,2
1183,2
1184,1
1185,2
1186,2
1187,1
1188,2
1189,2
1190,1
1191,1
1192,2
1193,1
1194,1
1195,2
1196,2
1197,2
1198,2
1199,1
1200,2
1201,2
1202,1
1203,2
1204,2
1205,1
1206,1
1207,2
1208,2
1209,2
1210,1
1211,2
1212,1
1213,2
1214,1
1215,1
1216,2
1217,2
1218,2
1219,1
1220,2
1221,2
1222,1
1223,2
1224,1
1225,2
1226,1
1227,2
1228,2
1229,2
1230,2
1231,1
1232,1
1233,2
1234,1
1235,1
1236,2
1237,2
1238,1
1239,2
1240,2
1241,1
1242,2
1243,1
1244,1
1245,2
1246,1
1247,1
1248,1
1249,1
1250,2
1251,1
1252,2
1253,2
1254,1
1255,2
1256,2
1257,1
1258,2
1259,2
1260,2
1261,2
1262,2
1263,2
1264,1
1265,2
1266,2
1267,1
1268,2
1269,2
1270,2
1271,1
1272,2
1273,2
1274,1
1275,1
1276,1
1277,2
1278,2
1279,2
1280,2
1281,2
1282,2
1283,1
1284,2
1285,1
1286,1
1287,1
1288,2
1289,1
1290,1
1291,1
1292,1
1293,1
1294,2
1295,1
1296,1
1297,1
1298,2
1299,1
1300,2
1301,1
1302,2
1303,1
1304,1
1305,1
1306,1
1307,2
1308,1
1309,2
1310,1
1311,2
1312,1
1313,2
1314,1
1315,1
1316,1
1317,1
1318,2
1319,2
1320,1
1321,1
1322,2
1323,2
1324,1
1325,2
1326,2
1327,2
1328,1
1329,1
1330,2
1331,1
1332,1
1333,1
1334,2
1335,1
1336,2
1337,2
1338,2
1339,1
1340,1
1341,1
1342,1
1343,1
1344,1
1345,2
1346,2
1347,2
1348,2
1349,1
1350,2
1351,1
1352,1
1353,2
1354,2
1355,1
1356,1
1357,1
1358,2
1359,1
1360,2
1361,1
1362,2
1363,1
1364,2
1365,1
1366,1
1367,2
1368,2
1369,2
1370,1
1371,2
1372,2
1373,2
1374,2
1375,1
1376,2
1377,1
1378,1
1379,1
1380,2
1381,2
1382,2
1383,1
1384,2
1385,2
1386,1
1387,2
1388,2
1389,2
1390,2
1391,2
1392,2
1393,1
1394,1
1395,2
1396,1
1397,2
1398,2
1399,1
1400,2
1401,1
1402,1
1403,2
1404,2
1405,2
1406,2
1407,1
1408,1
1409,1
1410,1
1411,1
1412,2
1413,2
1414,2
1415,1
1416,1
1417,2
1418,1
1419,2
1420,1
1421,1
1422,1
1423,1
1424,1
1425,1
1426,1
1427,2
1428,2
1429,1
1430,2
1431,1
1432,1
1433,1
1434,2
1435,1
1436,2
1437,2
1438,1
1439,2
1440,1
1441,2
1442,1
1443,1
1444,1
1445,1
1446,2
1447,1
1448,1
1449,2
1450,2
1451,1
1452,1
1453,2
1454,2
1455,1
1456,1
1457,2
1458,2
1459,1
1460,1
1461,1
1462,1
1463,1
1464,2
1465,2
1466,2
1467,1
1468,2
1469,1
1470,2
1471,2
1472,2
1473,2
1474,1
1475,1
1476,2
1477,2
1478,1
1479,2
1480,1
1481,2
1482,1
1483,2
1484,1
1485,1
1486,1
1487,1
1488,2
1489,1
1490,2
1491,1
1492,2
1493,1
1494,2
1495,1
1496,2
1497,2
1498,2
1499,2
1500,2
1501,1
1502,1
1503,2
1504,1
1505,2
1506,1
1507,2
1508,2
1509,2
1510,2
1511,2
1512,1
1513,1
1514,1
1515,1
1516,2
1517,2
1518,1
1519,2
1520,1
1521,1
1522,2
1523,2
1524,1
1525,1
1526,2
1527,2
1528,1
1529,2
1530,2
1531,2
1532,1
1533,2
1534,2
1535,1
1536,1
1537,1
1538,1
1539,1
1540,2
1541,1
1542,1
1543,1
1544,2
1545,1
1546,2
1547,2
1548,1
1549,2
1550,1
1551,2
1552,2
1553,1
1554,1
1555,2
1556,1
1557,2
1558,2
1559,1
1560,2
1561,1
1562,2
1563,1
1564,1
1565,2
1566,2
1567,2
1568,2
1569,2
1570,2
1571,2
1572,2
1573,1
1574,2
1575,1
1576,1
1577,2
1578,1
1579,1
1580,2
1581,2
1582,1
1583,1
1584,1
1585,1
1586,1
1587,2
1588,1
1589,1
1590,1
1591,2
1592,2
1593,1
1594,2
1595,2
1596,1
1597,1
1598,2
1599,1
1600,1
1601,1
1602,2
1603,2
1604,1
1605,2
1606,2
1607,1
1608,2
1609,2
1610,1
1611,2
1612,1
1613,2
1614,2
1615,1
1616,2
1617,2
1618,2
1619,1
1620,1
1621,1
1622,2
1623,1
1624,1
1625,1
1626,1
1627,2
1628,1
1629,1
1630,2
1631,1
1632,2
1633,1
1634,2
1635,2
1636,2
1637,2
1638,2
1639,2
1640,2
1641,1
1642,2
1643,2
1644,2
1645,2
1646,1
1647,1
1648,1
1649,1
1650,2
1651,2
1652,1
1653,2
1654,1
1655,2
1656,2
1657,1
1658,1
1659,2
1660,2
1661,1
1662,2
1663,2
1664,1
1665,1
1666,2
1667,2
1668,2
1669,2
1670,2
1671,2
1672,2
1673,1
1674,2
1675,1
1676,1
1677,1
1678,2
1679,2
1680,1
1681,1
1682,1
1683,2
1684,1
1685,2
1686,2
1687,2
1688,1
1689,1
1690,1
1691,2
1692,2
1693,2
1694,1
1695,2
1696,2
1697,1
1698,2
1699,2
1700,2
1701,2
1702,1
1703,1
1704,1
1705,2
1706,2
1707,2
1708,1
1709,2
1710,2
1711,1
1712,1
1713,2
1714,2
1715,1
1716,2
1717,1
1718,2
1719,1
1720,2
1721,1
1722,1
1723,1
1724,2
1725,1
1726,2
1727,1
1728,1
1729,2
1730,2
1731,1
1732,1
1733,2
1734,1
1735,1
1736,1
1737,2
1738,1
1739,2
1740,1
1741,1
1742,1
1743,2
1744,2
1745,1
1746,1
1747,1
1748,1
1749,1
1750,2
1751,1
1752,2
1753,1
1754,2
1755,1
1756,2
1757,1
1758,1
1759,1
1760,1
1761,2
1762,1
1763,2
1764,2
1765,1
1766,1
1767,2
1768,2
1769,2
1770,2
1771,1
1772,1
1773,2
1774,1
1775,2
1776,1
1777,2
1778,2
1779,2
1780,2
1781,2
1782,2
1783,2
1784,2
1785,2
1786,1
1787,2
1788,2
1789,1
1790,1
1791,1
1792,1
1793,1
1794,1
1795,2
1796,2
1797,2
1798,2
1799,1
1800,1
1801,1
1802,1
1803,1
1804,2
1805,2
1806,1
1807,2
1808,1
1809,2
1810,2
1811,2
1812,1
1813,1
1814,2
1815,2
1816,1
1817,1
1818,2
1819,2
1820,2
1821,1
1822,2
1823,1
1824,1
1825,1
1826,2
1827,2
1828,1
1829,2
1830,1
1831,2
1832,1
1833,1
1834,1
1835,2
1836,1
1837,2
1838,1
1839,1
1840,2
1841,2
1842,1
1843,2
1844,1
1845,2
1846,1
1847,1
1848,2
1849,2
1850,1
1851,1
1852,2
1853,2
1854,1
1855,1
1856,1
1857,1
1858,2
1859,2
1860,2
1861,2
1862,2
1863,1
1864,2
1865,2
1866,1
1867,1
1868,2
1869,1
1870,2
1871,1
1872,2
1873,1
1874,2
1875,2
1876,1
1877,2
1878,1
1879,1
1880,2
1881,1
1882,1
1883,2
1884,2
1885,2
1886,1
1887,1
1888,1
1889,1
1890,1
1891,1
1892,1
1893,1
1894,2
1895,2
1896,1
1897,1
1898,1
1899,2
1900,2
1901,2
1902,1
1903,2
1904,1
1905,1
1906,2
1907,2
1908,2
1909,2
1910,1
1911,2
1912,2
1913,1
1914,1
1915,1
1916,2
1917,2
1918,1
1919,1
1920,1
1921,2
1922,1
1923,1
1924,1
1925,1
1926,2
1927,2
1928,1
1929,1
1930,2
1931,1
1932,1
1933,2
1934,2
1935,1
1936,1
1937,1
1938,1
1939,1
1940,2
1941,2
1942,1
1943,1
1944,1
1945,1
1946,2
1947,1
1948,2
1949,1
1950,1
1951,1
1952,1
1953,2
1954,1
1955,2
1956,2
1957,2
1958,2
1959,1
1960,1
1961,1
1962,2
1963,1
1964,2
1965,2
1966,2
1967,2
1968,2
1969,2
1970,2
1971,2
1972,1
1973,1
1974,2
1975,2
1976,2
1977,2
1978,2
1979,1
1980,2
1981,1
1982,2
1983,1
1984,1
1985,1
1986,1
1987,2
1988,2
1989,2
1990,2
1991,2
1992,1
1993,2
1994,2
1995,1
1996,1
1997,1
1998,1
1999,2
2000,2
2001,2
2002,2
2003,2
2004,2
2005,1
2006,1
2007,2
2008,1
2009,1
2010,2
2011,1
2012,1
2013,2
2014,1
2015,2
2016,2
2017,2
2018,1
2019,2
2020,1
2021,1
2022,2
2023,1
2024,2
2025,2
2026,2
2027,1
2028,2
2029,1
2030,1
2031,2
2032,2
2033,1
2034,2
2035,2
2036,2
2037,1
2038,2
2039,1
2040,1
2041,1
2042,1
2043,2
2044,1
2045,1
2046,2
2047,1
2048,1
2049,2
2050,2
2051,1
2052,2
2053,2
2054,2
2055,2
2056,1
2057,1
2058,2
2059,1
2060,1
2061,2
2062,1
2063,1
2064,2
2065,2
2066,1
2067,2
2068,2
2069,1
2070,2
2071,2
2072,1
2073,1
2074,2
2075,1
2076,2
2077,1
2078,2
2079,1
2080,1
2081,1
2082,1
2083,1
2084,1
2085,1
2086,2
2087,1
2088,1
2089,2
2090,2
2091,1
2092,1
2093,2
2094,2
2095,2
2096,1
2097,2
2098,2
2099,1
2100,2
2101,2
2102,1
2103,1
2104,1
2105,2
2106,1
2107,1
2108,1
2109,2
2110,2
2111,2
2112,1
2113,2
2114,2
2115,2
2116,2
2117,1
2118,1
2119,2
2120,2
2121,1
2122,2
2123,1
2124,2
2125,1
2126,1
2127,2
2128,2
2129,2
2130,2
2131,2
2132,1
2133,1
2134,2
2135,1
2136,2
2137,1
2138,2
2139,2
2140,2
2141,2
2142,2
2143,1
2144,1
2145,1
2146,2
2147,1
2148,2
2149,1
2150,2
2151,2
2152,2
2153,1
2154,1
2155,1
2156,2
2157,2
2158,2
2159,1
2160,1
2161,2
2162,1
2163,1
2164,2
2165,2
2166,2
2167,1
2168,1
2169,1
2170,2
2171,2
2172,2
2173,2
2174,1
2175,1
2176,1
2177,1
2178,1
2179,2
2180,2
2181,1
2182,1
2183,2
2184,2
2185,1
2186,1
2187,2
2188,2
2189,1
2190,1
2191,2
2192,2
2193,2
2194,1
2195,1
2196,2
2197,1
2198,1
2199,2
2200,1
2201,2
2202,1
2203,1
2204,2
2205,2
2206,1
2207,1
2208,1
2209,2
2210,1
2211,1
2212,2
2213,2
2214,1
2215,2
2216,1
2217,1
2218,1
2219,2
2220,2
2221,1
2222,2
2223,2
2224,1
2225,1
2226,2
2227,2
2228,1
2229,1
2230,2
2231,2
2232,2
2233,1
2234,1
2235,1
2236,1
2237,2
2238,2
2239,1
2240,1
2241,1
2242,1
2243,1
2244,2
2245,2
2246,1
2247,2
2248,1
2249,1
2250,2
2251,1
2252,1
2253,2
2254,1
2255,2
2256,1
2257,2
2258,2
2259,2
2260,1
2261,2
2262,2
2263,2
2264,1
2265,2
2266,2
2267,2
2268,1
2269,1
2270,1
2271,2
2272,1
2273,1
2274,1
2275,2
2276,1
2277,1
2278,2
2279,2
2280,1
2281,2
2282,2
2283,2
2284,1
2285,1
2286,2
2287,1
2288,1
2289,1
2290,2
2291,1
2292,1
2293,2
2294,1
2295,2
2296,1
2297,2
2298,2
2299,1
2300,1
2301,2
2302,1
2303,1
2304,1
2305,2
2306,2
2307,1
2308,1
2309,1
2310,1
2311,2
2312,2
2313,1
2314,2
2315,2
2316,1
2317,1
2318,1
2319,2
2320,2
2321,1
2322,2
2323,2
2324,1
2325,2
2326,1
2327,2
2328,1
2329,2
2330,1
2331,2
2332,2
2333,2
2334,2
2335,1
2336,1
2337,2
2338,1
2339,1
2340,1
2341,2
2342,2
2343,2
2344,2
2345,2
2346,2
2347,2
2348,1
2349,2
2350,2
2351,2
2352,1
2353,2
2354,2
2355,2
2356,1
2357,2
2358,2
2359,1
2360,1
2361,2
2362,2
2363,1
2364,2
2365,2
2366,2
2367,1
2368,2
2369,1
2370,2
2371,2
2372,1
2373,1
2374,1
2375,1
2376,2
2377,1
2378,2
2379,2
2380,1
2381,2
2382,2
2383,2
2384,1
2385,1
2386,1
2387,2
2388,2
2389,1
2390,1
2391,2
2392,1
2393,1
2394,1
2395,1
2396,2
2397,1
2398,2
2399,1
2400,1
2401,1
2402,1
2403,1
2404,1
2405,1
2406,2
2407,1
2408,2
2409,2
2410,2
2411,2
2412,1
2413,1
2414,1
2415,1
2416,1
2417,1
2418,2
2419,2
2420,2
2421,1
2422,1
2423,2
2424,1
2425,2
2426,2
2427,1
2428,1
2429,2
2430,1
2431,1
2432,1
2433,2
2434,2
2435,2
2436,1
2437,1
2438,1
2439,1
2440,1
2441,2
2442,1
2443,2
2444,2
2445,1
2446,1
2447,2
2448,2
2449,1
2450,1
2451,1
2452,2
2453,2
2454,1
2455,2
2456,2
2457,2
2458,2
2459,1
2460,1
2461,1
2462,2
2463,1
2464,2
2465,2
2466,1
2467,1
2468,1
2469,1
2470,1
2471,2
2472,2
2473,1
2474,2
2475,1
2476,2
2477,2
2478,2
2479,1
2480,1
2481,2
2482,1
2483,2
2484,2
2485,1
2486,1
2487,1
2488,1
2489,2
2490,2
2491,2
2492,2
2493,1
2494,2
2495,1
2496,1
2497,1
2498,2
2499,1
2500,2
2501,2
2502,1
2503,2
2504,1
2505,2
2506,1
2507,1
2508,1
2509,2
2510,2
2511,1
2512,1
2513,1
2514,1
2515,1
2516,2
2517,1
2518,1
2519,2
2520,1
2521,2
2522,2
2523,1
2524,2
2525,1
2526,1
2527,2
2528,1
2529,1
2530,1
2531,2
2532,2
2533,1
2534,1
2535,1
2536,1
2537,1
2538,2
2539,2
2540,2
2541,2
2542,1
2543,2
2544,1
2545,2
2546,1
2547,2
2548,2
2549,1
2550,2
2551,1
2552,2
2553,2
2554,1
2555,1
2556,1
2557,2
2558,2
2559,2
2560,2
2561,2
2562,2
2563,1
2564,1
2565,1
2566,2
2567,1
2568,1
2569,1
2570,2
2571,2
2572,1
2573,2
2574,2
2575,2
2576,2
2577,1
2578,2
2579,1
2580,1
2581,1
2582,1
2583,1
2584,2
2585,2
2586,2
2587,2
2588,2
2589,2
2590,1
2591,2
2592,1
2593,2
2594,2
2595,1
2596,1
2597,1
2598,2
2599,2
2600,2
2601,1
2602,1
2603,1
2604,1
2605,1
2606,1
2607,1
2608,2
2609,1
2610,1
2611,2
2612,2
2613,1
2614,1
2615,1
2616,2
2617,2
2618,2
2619,1
2620,1
2621,1
2622,1
2623,1
2624,2
2625,2
2626,2
2627,1
2628,2
2629,2
2630,2
2631,2
2632,1
2633,2
2634,2
2635,1
2636,1
2637,2
2638,1
2639,1
2640,1
2641,2
2642,1
2643,2
2644,2
2645,2
2646,2
2647,2
2648,1
2649,2
2650,2
2651,1
2652,1
2653,1
2654,1
2655,2
2656,1
2657,2
2658,2
2659,2
2660,1
2661,1
2662,2
2663,2
2664,1
2665,1
2666,1
2667,1
2668,1
2669,2
2670,1
2671,1
2672,1
2673,1
2674,1
2675,2
2676,1
2677,1
2678,2
2679,2
2680,2
2681,1
2682,1
2683,2
2684,1
2685,1
2686,1
2687,2
2688,2
2689,1
2690,2
2691,2
2692,2
2693,2
2694,1
2695,1
2696,1
2697,2
2698,1
2699,1
2700,2
2701,1
2702,1
2703,2
2704,1
2705,1
2706,2
2707,2
2708,1
2709,2
2710,2
2711,2
2712,1
2713,2
2714,2
2715,1
2716,2
2717,2
2718,2
2719,1
2720,2
2721,2
2722,2
2723,1
2724,2
2725,1
2726,2
2727,1
2728,2
2729,1
2730,1
2731,1
2732,1
2733,1
2734,2
2735,2
2736,2
2737,2
2738,1
2739,2
2740,1
2741,1
2742,1
2743,2
2744,2
2745,1
2746,2
2747,1
2748,2
2749,2
2750,2
2751,1
2752,1
2753,2
2754,2
2755,2
2756,1
2757,1
2758,1
2759,2
2760,2
2761,2
2762,2
2763,2
2764,1
2765,2
2766,1
2767,1
2768,2
2769,1
2770,1
2771,1
2772,2
2773,1
2774,2
2775,2
2776,2
2777,2
2778,1
2779,2
2780,1
2781,1
2782,1
2783,1
2784,1
2785,2
2786,2
2787,2
2788,2
2789,2
2790,1
2791,2
2792,1
2793,2
2794,2
2795,1
2796,2
2797,2
2798,2
2799,1
2800,2
2801,1
2802,2
2803,1
2804,1
2805,1
2806,2
2807,1
2808,1
2809,2
2810,1
2811,1
2812,1
2813,1
2814,2
2815,1
2816,2
2817,2
2818,1
2819,1
2820,2
2821,1
2822,2
2823,2
2824,1
2825,2
2826,1
2827,2
2828,2
2829,2
2830,2
2831,1
2832,1
2833,2
2834,2
2835,1
2836,2
2837,1
2838,1
2839,2
2840,1
2841,1
2842,1
2843,2
2844,1
2845,1
2846,2
2847,2
2848,2
2849,2
2850,2
2851,2
2852,1
2853,2
2854,1
2855,1
2856,2
2857,2
2858,2
2859,2
2860,2
2861,1
2862,1
2863,1
2864,2
2865,2
2866,2
2867,1
2868,1
2869,2
2870,2
2871,2
2872,1
2873,1
2874,2
2875,2
2876,2
2877,2
2878,1
2879,2
2880,2
2881,2
2882,2
2883,1
2884,2
2885,2
2886,2
2887,2
2888,1
2889,2
2890,2
2891,1
2892,2
2893,2
2894,2
2895,1
2896,1
2897,2
2898,1
2899,2
2900,2
2901,2
2902,1
2903,1
2904,2
2905,2
2906,2
2907,2
2908,2
2909,2
2910,1
2911,2
2912,2
2913,2
2914,2
2915,1
2916,2
2917,1
2918,1
2919,1
2920,2
2921,1
2922,1
2923,2
2924,1
2925,2
2926,1
2927,2
2928,1
2929,2
2930,2
2931,2
2932,1
2933,2
2934,1
2935,2
2936,1
2937,2
2938,2
2939,1
2940,2
2941,1
2942,1
2943,2
2944,2
2945,2
2946,2
2947,2
2948,1
2949,2
2950,1
2951,1
2952,1
2953,1
2954,2
2955,1
2956,2
2957,1
2958,2
2959,2
2960,2
2961,2
2962,2
2963,1
2964,1
2965,2
2966,2
2967,2
2968,2
2969,2
2970,2
2971,1
2972,1
2973,2
2974,2
2975,2
2976,1
2977,1
2978,1
2979,2
2980,1
2981,2
2982,1
2983,2
2984,2
2985,1
2986,1
2987,2
2988,2
2989,1
2990,1
2991,1
2992,2
2993,2
2994,2
2995,1
2996,1
2997,2
2998,1
2999,2
3000,1
3001,2
3002,2
3003,2
3004,2
3005,2
3006,2
3007,1
3008,1
3009,2
3010,1
3011,1
3012,1
3013,2
3014,2
3015,2
3016,1
3017,2
3018,1
3019,1
3020,2
3021,2
3022,1
3023,2
3024,1
3025,2
3026,2
3027,1
3028,2
3029,2
3030,1
3031,1
3032,2
3033,1
3034,1
3035,2
3036,1
3037,2
3038,1
3039,2
3040,1
3041,1
3042,1
3043,1
3044,2
3045,1
3046,2
3047,2
3048,1
3049,1
3050,2
3051,1
3052,2
3053,1
3054,1
3055,2
3056,2
3057,2
3058,2
3059,2
3060,1
3061,1
3062,2
3063,2
3064,1
3065,1
3066,1
3067,2
3068,1
3069,1
3070,1
3071,1
3072,2
3073,1
3074,1
3075,1
3076,2
3077,1
3078,1
3079,2
3080,1
3081,1
3082,1
3083,1
3084,1
3085,2
3086,1
3087,1
3088,2
3089,2
3090,2
3091,2
3092,1
3093,2
3094,2
3095,2
3096,2
3097,2
3098,1
3099,1
3100,1
3101,2
3102,1
3103,1
3104,2
3105,2
3106,2
3107,2
3108,2
3109,2
3110,2
3111,2
3112,2
3113,1
3114,1
3115,2
3116,2
3117,2
3118,2
3119,1
3120,2
3121,1
3122,1
3123,2
3124,1
3125,1
3126,2
3127,2
3128,1
3129,2
3130,1
3131,1
3132,2
3133,2
3134,1
3135,2
3136,2
3137,2
3138,1
3139,2
3140,2
3141,1
3142,2
3143,2
3144,1
3145,1
3146,2
3147,1
3148,2
3149,1
3150,2
3151,2
3152,1
3153,1
3154,1
3155,2
3156,1
3157,2
3158,1
3159,1
3160,2
3161,1
3162,1
3163,2
3164,2
3165,2
3166,1
3167,2
3168,1
3169,1
3170,1
3171,2
3172,2
3173,2
3174,1
3175,1
3176,1
3177,2
3178,2
3179,1
3180,2
3181,1
3182,1
3183,2
3184,2
3185,1
3186,2
3187,2
3188,2
3189,2
3190,2
3191,2
3192,1
3193,2
3194,1
3195,2
3196,1
3197,1
3198,1
3199,2
3200,2
3201,1
3202,1
3203,2
3204,1
3205,1
3206,2
3207,1
3208,1
3209,2
3210,2
3211,2
3212,1
3213,2
3214,2
3215,2
3216,2
3217,1
3218,1
3219,2
3220,1
3221,2
3222,2
3223,2
3224,1
3225,2
3226,1
3227,1
3228,1
3229,2
3230,2
3231,2
3232,2
3233,2
3234,2
3235,1
3236,2
3237,2
3238,1
3239,2
3240,1
3241,1
3242,1
3243,1
3244,1
3245,2
3246,1
3247,1
3248,1
3249,1
3250,1
3251,1
3252,2
3253,2
3254,1
3255,1
3256,2
3257,1
3258,2
3259,1
3260,2
3261,2
3262,2
3263,2
3264,1
3265,1
3266,2
3267,2
3268,2
3269,2
3270,2
3271,1
3272,1
3273,2
3274,1
3275,2
3276,1
3277,1
3278,1
3279,2
3280,2
3281,2
3282,2
3283,1
3284,1
3285,2
3286,1
3287,2
3288,2
3289,1
3290,1
3291,2
3292,2
3293,2
3294,1
3295,2
3296,1
3297,2
3298,1
3299,2
3300,2
3301,1
3302,1
3303,2
3304,2
3305,2
3306,2
3307,1
3308,2
3309,2
3310,2
3311,2
3312,2
3313,2
3314,2
3315,1
3316,2
3317,1
3318,1
3319,2
3320,1
3321,1
3322,2
3323,2
3324,1
3325,2
3326,2
3327,1
3328,1
3329,2
3330,2
3331,2
3332,1
3333,2
3334,2
3335,2
3336,2
3337,1
3338,2
3339,1
3340,1
3341,1
3342,1
3343,2
3344,2
3345,1
3346,2
3347,1
3348,2
3349,2
3350,2
3351,2
3352,2
3353,2
3354,1
3355,2
3356,2
3357,2
3358,2
3359,2
3360,1
3361,1
3362,2
3363,2
3364,1
3365,2
3366,2
3367,1
3368,1
3369,2
3370,2
3371,1
3372,2
3373,1
3374,1
3375,1
3376,1
3377,1
3378,2
3379,1
3380,2
3381,1
3382,2
3383,2
3384,2
3385,2
3386,2
3387,2
3388,1
3389,2
3390,2
3391,1
3392,2
3393,2
3394,2
3395,2
3396,2
3397,2
3398,2
3399,1
3400,1
3401,2
3402,1
3403,2
3404,2
3405,1
3406,1
3407,2
3408,1
3409,2
3410,2
3411,1
3412,2
3413,1
3414,2
3415,2
3416,2
3417,1
3418,2
3419,2
3420,1
3421,2
3422,2
3423,2
3424,2
3425,1
3426,1
3427,1
3428,2
3429,2
3430,1
3431,1
3432,1
3433,2
3434,1
3435,2
3436,2
3437,1
3438,1
3439,2
3440,1
3441,1
3442,1
3443,2
3444,1
3445,1
3446,2
3447,1
3448,2
3449,1
3450,1
3451,1
3452,1
3453,2
3454,1
3455,2
3456,2
3457,2
3458,2
3459,1
3460,2
3461,1
3462,1
3463,2
3464,2
3465,1
3466,2
3467,1
3468,1
3469,1
3470,2
3471,1
3472,1
3473,2
3474,1
3475,1
3476,2
3477,2
3478,1
3479,2
3480,1
3481,1
3482,2
3483,1
3484,1
3485,2
3486,2
3487,1
3488,2
3489,1
3490,2
3491,2
3492,2
3493,1
3494,2
3495,2
3496,1
3497,1
3498,2
3499,1
3500,2
3501,2
3502,1
3503,1
3504,1
3505,1
3506,2
3507,1
3508,2
3509,2
3510,1
3511,2
3512,1
3513,1
3514,1
3515,2
3516,1
3517,1
3518,2
3519,2
3520,1
3521,2
3522,1
3523,1
3524,2
3525,2
3526,1
3527,1
3528,1
3529,1
3530,2
3531,1
3532,1
3533,1
3534,2
3535,2
3536,2
3537,2
3538,2
3539,1
3540,2
3541,2
3542,1
3543,2
3544,1
3545,2
3546,2
3547,2
3548,2
3549,1
3550,2
3551,1
3552,2
3553,2
3554,1
3555,2
3556,1
3557,1
3558,1
3559,1
3560,2
3561,2
3562,2
3563,1
3564,1
3565,2
3566,2
3567,1
3568,1
3569,2
3570,2
3571,1
3572,2
3573,2
3574,1
3575,1
3576,1
3577,2
3578,1
3579,1
3580,2
3581,2
3582,1
3583,2
3584,2
3585,1
3586,2
3587,2
3588,2
3589,1
3590,1
3591,2
3592,2
3593,2
3594,1
3595,2
3596,2
3597,2
3598,2
3599,1
3600,1
3601,1
3602,1
3603,1
3604,1
3605,1
3606,2
3607,2
3608,2
3609,2
3610,2
3611,2
3612,2
3613,2
3614,1
3615,2
3616,1
3617,1
3618,2
3619,2
3620,1
3621,1
3622,1
3623,2
3624,1
3625,2
3626,1
3627,1
3628,1
3629,2
3630,1
3631,1
3632,1
3633,2
3634,2
3635,2
3636,2
3637,1
3638,2
3639,1
3640,1
3641,2
3642,1
3643,2
3644,1
3645,1
3646,1
3647,2
3648,1
3649,1
3650,1
3651,1
3652,1
3653,2
3654,2
3655,1
3656,2
3657,2
3658,1
3659,1
3660,2
3661,2
3662,1
3663,1
3664,2
3665,2
3666,2
3667,1
3668,2
3669,1
3670,2
3671,1
3672,1
3673,2
3674,2
3675,1
3676,2
3677,1
3678,1
3679,1
3680,1
3681,2
3682,1
3683,2
3684,1
3685,1
3686,1
3687,1
3688,2
3689,2
3690,2
3691,1
3692,1
3693,2
3694,2
3695,2
3696,1
3697,2
3698,1
3699,1
3700,1
3701,1
3702,2
3703,2
3704,2
3705,2
3706,2
3707,2
3708,2
3709,2
3710,1
3711,1
3712,2
3713,1
3714,1
3715,2
3716,2
3717,2
3718,2
3719,2
3720,1
3721,1
3722,2
3723,2
3724,1
3725,2
3726,2
3727,2
3728,1
3729,1
3730,1
3731,2
3732,2
3733,1
3734,2
3735,2
3736,2
3737,2
3738,2
3739,1
3740,1
3741,1
3742,1
3743,1
3744,2
3745,2
3746,2
3747,2
3748,2
3749,2
3750,2
3751,1
3752,1
3753,1
3754,1
3755,1
3756,1
3757,1
3758,2
3759,2
3760,1
3761,2
3762,2
3763,1
3764,2
3765,1
3766,1
3767,1
3768,1
3769,2
3770,2
3771,2
3772,1
3773,1
3774,2
3775,1
3776,2
3777,1
3778,2
3779,2
3780,2
3781,1
3782,2
3783,1
3784,1
3785,2
3786,2
3787,1
3788,2
3789,2
3790,2
3791,2
3792,2
3793,1
3794,2
3795,1
3796,1
3797,1
3798,2
3799,2
3800,1
3801,1
3802,1
3803,2
3804,2
3805,1
3806,1
3807,2
3808,2
3809,2
3810,2
3811,2
3812,2
3813,2
3814,1
3815,1
3816,2
3817,2
3818,2
3819,2
3820,2
3821,2
3822,1
3823,1
3824,2
3825,1
3826,2
3827,1
3828,1
3829,1
3830,2
3831,1
3832,2
3833,2
3834,2
3835,2
3836,1
3837,2
3838,2
3839,1
3840,2
3841,1
3842,1
3843,2
3844,1
3845,2
3846,2
3847,1
3848,1
3849,1
3850,1
3851,2
3852,1
3853,1
3854,1
3855,1
3856,1
3857,2
3858,1
3859,2
3860,1
3861,2
3862,1
3863,2
3864,1
3865,1
3866,2
3867,1
3868,2
3869,2
3870,2
3871,1
3872,2
3873,1
3874,2
3875,2
3876,2
3877,1
3878,2
3879,2
3880,2
3881,1
3882,1
3883,2
3884,1
3885,1
3886,1
3887,2
3888,2
3889,2
3890,1
3891,2
3892,1
3893,2
3894,2
3895,2
3896,1
3897,1
3898,1
3899,2
3900,2
3901,1
3902,1
3903,2
3904,1
3905,2
3906,1
3907,2
3908,2
3909,1
3910,2
3911,1
3912,2
3913,2
3914,2
3915,2
3916,1
3917,2
3918,2
3919,1
3920,2
3921,2
3922,2
3923,2
3924,2
3925,1
3926,2
3927,2
3928,2
3929,1
3930,1
3931,1
3932,1
3933,1
3934,1
3935,1
3936,1
3937,2
3938,1
3939,1
3940,2
3941,2
3942,1
3943,1
3944,1
3945,2
3946,2
3947,2
3948,2
3949,1
3950,2
3951,2
3952,1
3953,2
3954,1
3955,1
3956,2
3957,2
3958,2
3959,2
3960,1
3961,2
3962,2
3963,2
3964,1
3965,2
3966,2
3967,2
3968,1
3969,1
3970,2
3971,1
3972,1
3973,2
3974,1
3975,2
3976,2
3977,1
3978,2
3979,1
3980,1
3981,2
3982,2
3983,2
3984,2
3985,2
3986,2
3987,2
3988,2
3989,1
3990,2
3991,1
3992,2
3993,2
3994,1
3995,2
3996,2
3997,2
3998,1
3999,1
4000,2
4001,1
4002,1
4003,1
4004,2
4005,1
4006,1
4007,1
4008,1
4009,1
4010,2
4011,1
4012,2
4013,1
4014,1
4015,2
4016,1
4017,1
4018,2
4019,2
4020,2
4021,2
4022,1
4023,2
4024,2
4025,1
4026,2
4027,2
4028,1
4029,1
4030,2
4031,2
4032,2
4033,1
4034,2
4035,1
4036,2
4037,1
4038,2
4039,2
4040,2
4041,2
4042,2
4043,1
4044,2
4045,1
4046,2
4047,2
4048,1
4049,1
4050,2
4051,2
4052,1
4053,2
4054,2
4055,2
4056,1
4057,2
4058,1
4059,2
4060,2
4061,1
4062,2
4063,2
4064,1
4065,1
4066,1
4067,2
4068,2
4069,1
4070,1
4071,1
4072,2
4073,1
4074,1
4075,1
4076,2
4077,2
4078,2
4079,2
4080,1
4081,2
4082,1
4083,1
4084,2
4085,1
4086,2
4087,1
4088,2
4089,2
4090,2
4091,1
4092,2
4093,2
4094,2
4095,1
4096,2
4097,1
4098,2
4099,1
4100,2
4101,1
4102,1
4103,1
4104,1
4105,1
4106,1
4107,2
4108,1
4109,2
4110,2
4111,2
4112,1
4113,2
4114,1
4115,2
4116,1
4117,1
4118,1
4119,2
4120,2
4121,2
4122,2
4123,1
4124,1
4125,1
4126,1
4127,2
4128,2
4129,2
4130,2
4131,1
4132,1
4133,1
4134,1
4135,1
4136,2
4137,2
4138,2
4139,2
4140,2
4141,2
4142,1
4143,2
4144,1
4145,1
4146,1
4147,1
4148,2
4149,2
4150,2
4151,1
4152,2
4153,2
4154,1
4155,2
4156,2
4157,1
4158,2
4159,2
4160,2
4161,2
4162,2
4163,2
4164,1
4165,2
4166,1
4167,2
4168,1
4169,1
4170,2
4171,2
4172,1
4173,1
4174,1
4175,1
4176,1
4177,2
4178,2
4179,2
4180,1
4181,2
4182,1
4183,2
4184,1
4185,2
4186,1
4187,1
4188,2
4189,2
4190,2
4191,1
4192,2
4193,2
4194,2
4195,2
4196,1
4197,2
4198,2
4199,1
4200,1
4201,1
4202,2
4203,2
4204,1
4205,1
4206,2
4207,1
4208,1
4209,1
4210,2
4211,1
4212,2
4213,2
4214,1
4215,1
4216,1
4217,2
4218,2
4219,1
4220,2
4221,2
4222,1
4223,1
4224,1
4225,2
4226,2
4227,2
4228,1
4229,1
4230,1
4231,1
4232,1
4233,1
4234,1
4235,1
4236,2
4237,2
4238,2
4239,2
4240,1
4241,1
4242,2
4243,1
4244,2
4245,1
4246,1
4247,2
4248,1
4249,2
4250,1
4251,2
4252,2
4253,2
4254,2
4255,1
4256,2
4257,1
4258,1
4259,1
4260,2
4261,1
4262,2
4263,2
4264,1
4265,1
4266,1
4267,2
4268,1
4269,2
4270,1
4271,2
4272,1
4273,2
4274,1
4275,2
4276,1
4277,1
4278,2
4279,2
4280,2
4281,1
4282,1
4283,2
4284,2
4285,2
4286,1
4287,1
4288,1
4289,1
4290,1
4291,1
4292,2
4293,2
4294,1
4295,1
4296,2
4297,1
4298,2
4299,1
4300,2
4301,1
4302,1
4303,1
4304,1
4305,1
4306,1
4307,2
4308,2
4309,1
4310,2
4311,2
4312,1
4313,1
4314,1
4315,1
4316,2
4317,2
4318,1
4319,1
4320,2
4321,2
4322,1
4323,1
4324,1
4325,1
4326,1
4327,1
4328,1
4329,2
4330,2
4331,1
4332,1
4333,1
4334,2
4335,2
4336,2
4337,2
4338,1
4339,2
4340,2
4341,2
4342,2
4343,1
4344,1
4345,1
4346,2
4347,1
4348,1
4349,2
4350,2
4351,1
4352,1
4353,1
4354,1
4355,2
4356,1
4357,2
4358,2
4359,1
4360,1
4361,2
4362,1
4363,2
4364,1
4365,2
4366,1
4367,2
4368,1
4369,2
4370,2
4371,2
4372,1
4373,1
4374,2
4375,1
4376,2
4377,1
4378,1
4379,2
4380,1
4381,2
4382,2
4383,2
4384,1
4385,2
4386,1
4387,2
4388,1
4389,1
4390,1
4391,2
4392,2
4393,1
4394,1
4395,1
4396,1
4397,2
4398,2
4399,2
4400,2
4401,1
4402,2
4403,1
4404,1
4405,1
4406,2
4407,1
4408,2
4409,2
4410,2
4411,2
4412,1
4413,2
4414,1
4415,1
4416,2
4417,2
4418,1
4419,1
4420,1
4421,2
4422,2
4423,2
4424,1
4425,1
4426,1
4427,2
4428,2
4429,2
4430,2
4431,2
4432,1
4433,1
4434,2
4435,1
4436,1
4437,2
4438,2
4439,2
4440,1
4441,1
4442,2
4443,2
4444,1
4445,1
4446,1
4447,2
4448,1
4449,1
4450,2
4451,1
4452,1
4453,1
4454,2
4455,2
4456,1
4457,2
4458,1
4459,2
4460,1
4461,2
4462,2
4463,2
4464,1
4465,2
4466,2
4467,2
4468,1
4469,1
4470,2
4471,2
4472,2
4473,2
4474,1
4475,1
4476,1
4477,1
4478,2
4479,2
4480,2
4481,1
4482,2
4483,2
4484,1
4485,2
4486,2
4487,1
4488,2
4489,2
4490,2
4491,1
4492,2
4493,2
4494,2
4495,2
4496,2
4497,2
4498,2
4499,1
4500,2
4501,2
4502,1
4503,2
4504,2
4505,2
4506,2
4507,1
4508,1
4509,1
4510,1
4511,2
4512,1
4513,1
4514,2
4515,2
4516,2
4517,2
4518,1
4519,1
4520,1
4521,2
4522,2
4523,2
4524,2
4525,2
4526,1
4527,1
4528,1
4529,2
4530,2
4531,2
4532,1
4533,1
4534,1
4535,1
4536,2
4537,2
4538,2
4539,2
4540,2
4541,1
4542,1
4543,2
4544,1
4545,2
4546,1
4547,2
4548,2
4549,2
4550,2
4551,1
4552,2
4553,1
4554,1
4555,2
4556,1
4557,1
4558,1
4559,1
4560,2
4561,1
4562,1
4563,1
4564,1
4565,1
4566,2
4567,1
4568,1
4569,1
4570,1
4571,2
4572,2
4573,2
4574,2
4575,1
4576,1
4577,1
4578,1
4579,1
4580,2
4581,1
4582,1
4583,2
4584,2
4585,1
4586,2
4587,2
4588,2
4589,1
4590,2
4591,2
4592,2
4593,1
4594,2
4595,2
4596,2
4597,2
4598,2
4599,2
4600,2
4601,1
4602,1
4603,2
4604,2
4605,2
4606,2
4607,2
4608,2
4609,1
4610,1
4611,1
4612,2
4613,1
4614,1
4615,1
4616,1
4617,1
4618,2
4619,2
4620,1
4621,2
4622,2
4623,2
4624,1
4625,2
4626,2
4627,2
4628,2
4629,1
4630,1
4631,1
4632,1
4633,1
4634,2
4635,1
4636,2
4637,1
4638,2
4639,1
4640,2
4641,2
4642,2
4643,2
4644,2
4645,1
4646,2
4647,1
4648,2
4649,2
4650,1
4651,1
4652,2
4653,1
4654,2
4655,1
4656,1
4657,2
4658,2
4659,2
4660,1
4661,1
4662,2
4663,1
4664,2
4665,2
4666,2
4667,2
4668,2
4669,1
4670,1
4671,2
4672,1
4673,2
4674,1
4675,2
4676,1
4677,2
4678,2
4679,1
4680,2
4681,2
4682,1
4683,2
4684,2
4685,2
4686,2
4687,2
4688,1
4689,1
4690,1
4691,2
4692,1
4693,1
4694,2
4695,1
4696,1
4697,1
4698,2
4699,1
4700,1
4701,2
4702,1
4703,2
4704,2
4705,1
4706,1
4707,1
4708,2
4709,1
4710,1
4711,1
4712,2
4713,1
4714,1
4715,2
4716,2
4717,2
4718,1
4719,2
4720,2
4721,2
4722,1
4723,2
4724,1
4725,1
4726,1
4727,1
4728,2
4729,1
4730,2
4731,1
4732,2
4733,1
4734,2
4735,1
4736,1
4737,1
4738,2
4739,1
4740,1
4741,1
4742,2
4743,2
4744,2
4745,2
4746,1
4747,1
4748,1
4749,2
4750,1
4751,2
4752,2
4753,1
4754,1
4755,1
4756,2
4757,1
4758,1
4759,2
4760,1
4761,2
4762,2
4763,2
4764,1
4765,2
4766,2
4767,2
4768,2
4769,2
4770,2
4771,1
4772,1
4773,1
4774,2
4775,2
4776,1
4777,2
4778,1
4779,1
4780,1
4781,1
4782,1
4783,1
4784,1
4785,2
4786,2
4787,1
4788,2
4789,2
4790,1
4791,2
4792,2
4793,2
4794,1
4795,1
4796,1
4797,2
4798,2
4799,1
4800,1
4801,2
4802,1
4803,2
4804,1
4805,2
4806,2
4807,2
4808,2
4809,1
4810,1
4811,1
4812,1
4813,2
4814,2
4815,1
4816,2
4817,2
4818,2
4819,2
4820,1
4821,2
4822,1
4823,2
4824,2
4825,1
4826,1
4827,1
4828,2
4829,2
4830,2
4831,2
4832,1
4833,1
4834,2
4835,1
4836,1
4837,2
4838,1
4839,2
4840,1
4841,2
4842,1
4843,1
4844,2
4845,2
4846,2
4847,2
4848,1
4849,1
4850,1
4851,1
4852,1
4853,1
4854,2
4855,2
4856,1
4857,2
4858,2
4859,1
4860,2
4861,1
4862,2
4863,1
4864,2
4865,1
4866,1
4867,2
4868,2
4869,1
4870,2
4871,2
4872,2
4873,2
4874,2
4875,1
4876,1
4877,1
4878,1
4879,2
4880,2
4881,2
4882,2
4883,1
4884,2
4885,1
4886,2
4887,2
4888,2
4889,1
4890,2
4891,1
4892,2
4893,2
4894,2
4895,1
4896,1
4897,1
4898,1
4899,2
4900,1
4901,2
4902,1
4903,2
4904,1
4905,2
4906,1
4907,2
4908,1
4909,1
4910,1
4911,1
4912,2
4913,2
4914,1
4915,2
4916,1
4917,1
4918,2
4919,2
4920,1
4921,2
4922,2
4923,2
4924,2
4925,1
4926,2
4927,1
4928,2
4929,2
4930,1
4931,2
4932,2
4933,2
4934,2
4935,1
4936,1
4937,1
4938,1
4939,2
4940,2
4941,2
4942,1
4943,1
4944,1
4945,2
4946,2
4947,2
4948,1
4949,2
4950,2
4951,2
4952,2
4953,2
4954,2
4955,2
4956,2
4957,2
4958,2
4959,1
4960,1
4961,2
4962,2
4963,2
4964,2
4965,2
4966,2
4967,2
4968,1
4969,2
4970,1
4971,2
4972,1
4973,1
4974,1
4975,1
4976,2
4977,1
4978,1
4979,2
4980,1
4981,2
4982,1
4983,2
4984,2
4985,2
4986,2
4987,2
4988,1
4989,1
4990,1
4991,2
4992,1
4993,1
4994,2
4995,2
4996,1
4997,2
4998,1
4999,1
5000,2
5001,1
5002,1
5003,2
5004,2
5005,1
5006,1
5007,1
5008,2
5009,2
5010,2
5011,2
5012,2
5013,2
5014,2
5015,1
5016,2
5017,2
5018,1
5019,2
5020,2
5021,1
5022,2
5023,1
5024,2
5025,1
5026,2
5027,2
5028,1
5029,1
5030,2
5031,2
5032,1
5033,1
5034,2
5035,2
5036,2
5037,1
5038,1
5039,2
5040,2
5041,1
5042,2
5043,1
5044,1
5045,1
5046,2
5047,2
5048,2
5049,1
5050,2
5051,2
5052,1
5053,2
5054,2
5055,1
5056,1
5057,2
5058,2
5059,2
5060,1
5061,2
5062,1
5063,2
5064,1
5065,2
5066,2
5067,2
5068,1
5069,2
5070,1
5071,2
5072,1
5073,1
5074,1
5075,1
5076,1
5077,2
5078,1
5079,1
5080,1
5081,1
5082,2
5083,2
5084,1
5085,2
5086,2
5087,2
5088,2
5089,1
5090,2
5091,2
5092,1
5093,2
5094,2
5095,1
5096,1
5097,1
5098,2
5099,1
5100,1
5101,1
5102,1
5103,1
5104,1
5105,2
5106,2
5107,1
5108,1
5109,2
5110,1
5111,2
5112,2
5113,2
5114,1
5115,1
5116,2
5117,2
5118,1
5119,2
5120,2
5121,2
5122,2
5123,1
5124,1
5125,2
5126,1
5127,1
5128,1
5129,1
5130,2
5131,2
5132,2
5133,1
5134,1
5135,2
5136,1
5137,2
5138,2
5139,1
5140,1
5141,1
5142,1
5143,1
5144,2
5145,2
5146,1
5147,2
5148,1
5149,1
5150,2
5151,1
5152,1
5153,1
5154,2
5155,2
5156,2
5157,2
5158,2
5159,1
5160,2
5161,1
5162,1
5163,1
5164,1
5165,1
5166,1
5167,2
5168,2
5169,2
5170,2
5171,2
5172,1
5173,2
5174,2
5175,1
5176,2
5177,1
5178,2
5179,2
5180,2
5181,1
5182,1
5183,1
5184,1
5185,2
5186,2
5187,2
5188,2
5189,2
5190,2
5191,2
5192,1
5193,2
5194,1
5195,1
5196,2
5197,2
5198,1
5199,2
5200,2
5201,2
5202,2
5203,1
5204,1
5205,2
5206,2
5207,1
5208,1
5209,2
5210,2
5211,1
5212,2
5213,2
5214,1
5215,1
5216,2
5217,1
5218,1
5219,1
5220,1
5221,2
5222,2
5223,2
5224,2
5225,2
5226,2
5227,2
5228,1
5229,1
5230,1
5231,1
5232,2
5233,2
5234,1
5235,1
5236,2
5237,2
5238,1
5239,2
5240,2
5241,1
5242,2
5243,1
5244,1
5245,1
5246,1
5247,1
5248,1
5249,1
5250,2
5251,1
5252,1
5253,2
5254,2
5255,2
5256,2
5257,2
5258,2
5259,2
5260,1
5261,1
5262,2
5263,2
5264,1
5265,2
5266,2
5267,2
5268,1
5269,2
5270,2
5271,2
5272,2
5273,2
5274,1
5275,1
5276,2
5277,2
5278,2
5279,2
5280,1
5281,1
5282,1
5283,2
5284,2
5285,2
5286,1
5287,1
5288,2
5289,1
5290,2
5291,1
5292,2
5293,1
5294,1
5295,1
5296,2
5297,1
5298,1
5299,2
5300,2
5301,1
5302,1
5303,1
5304,2
5305,1
5306,1
5307,2
5308,1
5309,2
5310,2
5311,2
5312,2
5313,2
5314,2
5315,2
5316,1
5317,1
5318,1
5319,1
5320,1
5321,2
5322,2
5323,1
5324,1
5325,2
5326,2
5327,2
5328,1
5329,2
5330,1
5331,1
5332,2
5333,1
5334,2
5335,2
5336,2
5337,1
5338,1
5339,1
5340,2
5341,2
5342,1
5343,1
5344,2
5345,2
5346,1
5347,1
5348,2
5349,1
5350,1
5351,1
5352,2
5353,2
5354,2
5355,1
5356,2
5357,2
5358,1
5359,1
5360,2
5361,2
5362,2
5363,2
5364,2
5365,1
5366,1
5367,1
5368,2
5369,2
5370,1
5371,1
5372,2
5373,2
5374,1
5375,1
5376,1
5377,2
5378,2
5379,1
5380,1
5381,1
5382,1
5383,2
5384,2
5385,1
5386,2
5387,1
5388,2
5389,1
5390,2
5391,2
5392,1
5393,1
5394,1
5395,1
5396,1
5397,2
5398,2
5399,1
5400,2
5401,1
5402,1
5403,1
5404,1
5405,1
5406,1
5407,2
5408,1
5409,1
5410,1
5411,1
5412,2
5413,2
5414,2
5415,1
5416,2
5417,2
5418,2
5419,1
5420,1
5421,2
5422,2
5423,1
5424,2
5425,2
5426,2
5427,2
5428,1
5429,1
5430,1
5431,1
5432,2
5433,1
5434,1
5435,1
5436,1
5437,1
5438,1
5439,1
5440,2
5441,1
5442,1
5443,2
5444,1
5445,2
5446,1
5447,2
5448,2
5449,1
5450,1
5451,1
5452,1
5453,2
5454,2
5455,1
5456,2
5457,1
5458,1
5459,1
5460,2
5461,1
5462,1
5463,2
5464,1
5465,2
5466,1
5467,2
5468,2
5469,1
5470,1
5471,2
5472,1
5473,1
5474,2
5475,2
5476,2
5477,1
5478,2
5479,2
5480,2
5481,2
5482,1
5483,2
5484,1
5485,1
5486,1
5487,1
5488,1
5489,2
5490,2
5491,1
5492,2
5493,2
5494,2
5495,2
5496,2
5497,1
5498,1
5499,1
5500,2
5501,1
5502,1
5503,2
5504,2
5505,1
5506,2
5507,1
5508,2
5509,2
5510,2
5511,1
5512,1
5513,2
5514,1
5515,2
5516,1
5517,1
5518,2
5519,1
5520,1
5521,2
5522,2
5523,2
5524,2
5525,1
5526,1
5527,1
5528,2
5529,1
5530,1
5531,2
5532,1
5533,2
5534,1
5535,1
5536,2
5537,1
5538,1
5539,1
5540,2
5541,2
5542,2
5543,1
5544,1
5545,1
5546,2
5547,2
5548,1
5549,1
5550,2
5551,1
5552,1
5553,2
5554,1
5555,2
5556,1
5557,2
5558,1
5559,2
5560,2
5561,2
5562,1
5563,1
5564,1
5565,1
5566,2
5567,2
5568,2
5569,2
5570,2
5571,1
5572,1
5573,2
5574,2
5575,1
5576,1
5577,1
5578,1
5579,2
5580,1
5581,1
5582,2
5583,1
5584,2
5585,1
5586,2
5587,1
5588,2
5589,1
5590,1
5591,1
5592,2
5593,2
5594,1
5595,2
5596,1
5597,2
5598,1
5599,2
5600,1
5601,2
5602,1
5603,1
5604,2
5605,1
5606,1
5607,1
5608,2
5609,2
5610,1
5611,1
5612,1
5613,2
5614,2
5615,1
5616,1
5617,2
5618,2
5619,1
5620,1
5621,1
5622,1
5623,1
5624,1
5625,1
5626,1
5627,1
5628,2
5629,1
5630,1
5631,1
5632,2
5633,2
5634,2
5635,1
5636,1
5637,2
5638,1
5639,1
5640,2
5641,1
5642,1
5643,2
5644,1
5645,1
5646,2
5647,2
5648,2
5649,2
5650,1
5651,2
5652,2
5653,1
5654,2
5655,1
5656,2
5657,2
5658,2
5659,1
5660,1
5661,2
5662,1
5663,1
5664,2
5665,1
5666,2
5667,2
5668,2
5669,1
5670,2
5671,1
5672,1
5673,2
5674,2
5675,2
5676,1
5677,1
5678,2
5679,2
5680,2
5681,1
5682,1
5683,1
5684,2
5685,1
5686,2
5687,1
5688,1
5689,2
5690,1
5691,2
5692,1
5693,1
5694,1
5695,1
5696,1
5697,2
5698,1
5699,2
5700,2
5701,2
5702,2
5703,2
5704,2
5705,2
5706,1
5707,1
5708,1
5709,1
5710,2
5711,2
5712,1
5713,2
5714,2
5715,1
5716,1
5717,2
5718,1
5719,1
5720,2
5721,1
5722,1
5723,1
5724,1
5725,1
5726,2
5727,2
5728,2
5729,2
5730,2
5731,2
5732,2
5733,1
5734,2
5735,1
5736,2
5737,2
5738,1
5739,2
5740,1
5741,1
5742,2
5743,1
5744,1
5745,2
5746,2
5747,2
5748,2
5749,1
5750,2
5751,1
5752,1
5753,2
5754,1
5755,2
5756,1
5757,2
5758,2
5759,1
5760,1
5761,2
5762,2
5763,2
5764,1
5765,1
5766,1
5767,2
5768,2
5769,2
5770,1
5771,2
5772,2
5773,2
5774,2
5775,2
5776,1
5777,2
5778,1
5779,2
5780,2
5781,2
5782,1
5783,2
5784,2
5785,1
5786,1
5787,1
5788,1
5789,2
5790,2
5791,1
5792,2
5793,2
5794,2
5795,2
5796,1
5797,2
5798,2
5799,1
5800,1
5801,1
5802,1
5803,2
5804,2
5805,2
5806,1
5807,1
5808,2
5809,1
5810,1
5811,1
5812,2
5813,1
5814,1
5815,2
5816,2
5817,1
5818,1
5819,2
5820,2
5821,2
5822,1
5823,2
5824,1
5825,1
5826,2
5827,2
5828,1
5829,2
5830,2
5831,2
5832,2
5833,2
5834,2
5835,1
5836,2
5837,2
5838,1
5839,2
5840,2
5841,1
5842,2
5843,1
5844,2
5845,1
5846,1
5847,2
5848,2
5849,2
5850,1
5851,1
5852,1
5853,2
5854,1
5855,2
5856,2
5857,2
5858,1
5859,2
5860,2
5861,2
5862,1
5863,2
5864,2
5865,2
5866,2
5867,2
5868,2
5869,2
5870,1
5871,1
5872,1
5873,1
5874,2
5875,2
5876,2
5877,2
5878,1
5879,1
5880,2
5881,2
5882,1
5883,1
5884,1
5885,2
5886,1
5887,1
5888,2
5889,2
5890,2
5891,1
5892,1
5893,2
5894,1
5895,2
5896,1
5897,2
5898,1
5899,1
5900,1
5901,1
5902,1
5903,2
5904,1
5905,1
5906,2
5907,2
5908,2
5909,2
5910,2
5911,2
5912,2
5913,2
5914,2
5915,2
5916,1
5917,2
5918,1
5919,2
5920,2
5921,1
5922,2
5923,1
5924,1
5925,2
5926,2
5927,2
5928,2
5929,1
5930,1
5931,1
5932,2
5933,1
5934,1
5935,1
5936,2
5937,2
5938,2
5939,1
5940,1
5941,1
5942,2
5943,2
5944,2
5945,2
5946,2
5947,1
5948,1
5949,1
5950,2
5951,2
5952,1
5953,2
5954,1
5955,1
5956,1
5957,1
5958,2
5959,2
5960,1
5961,1
5962,1
5963,1
5964,1
5965,2
5966,2
5967,2
5968,2
5969,2
5970,1
5971,2
5972,2
5973,1
5974,1
5975,2
5976,2
5977,2
5978,2
5979,1
5980,1
5981,2
5982,1
5983,2
5984,2
5985,2
5986,1
5987,2
5988,2
5989,2
5990,2
5991,2
5992,1
5993,2
5994,1
5995,2
5996,2
5997,1
5998,2
5999,2
6000,1
6001,1
6002,2
6003,2
6004,1
6005,1
6006,2
6007,2
6008,1
6009,1
6010,1
6011,2
6012,2
6013,2
6014,2
6015,1
6016,1
6017,2
6018,2
6019,1
6020,1
6021,1
6022,2
6023,1
6024,1
6025,1
6026,1
6027,1
6028,1
6029,1
6030,2
6031,2
6032,2
6033,2
6034,2
6035,2
6036,1
6037,1
6038,2
6039,2
6040,1
6041,1
6042,1
6043,2
6044,2
6045,2
6046,1
6047,2
6048,2
6049,2
6050,2
6051,2
6052,1
6053,2
6054,1
6055,2
6056,2
6057,2
6058,1
6059,2
6060,1
6061,2
6062,2
6063,1
6064,2
6065,1
6066,1
6067,1
6068,1
6069,1
6070,2
6071,2
6072,2
6073,1
6074,2
6075,1
6076,2
6077,1
6078,1
6079,1
6080,1
6081,1
6082,2
6083,1
6084,1
6085,2
6086,2
6087,1
6088,1
6089,1
6090,2
6091,1
6092,2
6093,1
6094,1
6095,1
6096,1
6097,2
6098,2
6099,2
6100,1
6101,2
6102,2
6103,1
6104,2
6105,2
6106,2
6107,2
6108,2
6109,2
6110,2
6111,2
6112,2
6113,2
6114,1
6115,2
6116,1
6117,1
6118,1
6119,2
6120,2
6121,1
6122,2
6123,2
6124,2
6125,1
6126,2
6127,2
6128,2
6129,2
6130,1
6131,2
6132,2
6133,2
6134,1
6135,2
6136,2
6137,2
6138,2
6139,2
6140,2
6141,2
6142,2
6143,2
6144,1
6145,2
6146,1
6147,1
6148,1
6149,1
6150,2
6151,2
6152,1
6153,1
6154,1
6155,1
6156,1
6157,1
6158,1
6159,2
6160,2
6161,2
6162,2
6163,1
6164,1
6165,2
6166,1
6167,1
6168,1
6169,2
6170,2
6171,2
6172,1
6173,2
6174,1
6175,2
6176,2
6177,1
6178,2
6179,1
6180,2
6181,1
6182,1
6183,1
6184,1
6185,2
6186,1
6187,2
6188,2
6189,1
6190,1
6191,1
6192,2
6193,1
6194,2
6195,1
6196,2
6197,2
6198,2
6199,1
6200,2
6201,1
6202,1
6203,2
6204,2
6205,2
6206,1
6207,1
6208,2
6209,1
6210,1
6211,2
6212,1
6213,2
6214,1
6215,2
6216,1
6217,1
6218,2
6219,2
6220,2
6221,2
6222,1
6223,2
6224,1
6225,1
6226,2
6227,2
6228,1
6229,1
6230,2
6231,2
6232,1
6233,2
6234,2
6235,2
6236,2
6237,1
6238,1
6239,2
6240,1
6241,1
6242,1
6243,2
6244,2
6245,2
6246,1
6247,2
6248,1
6249,1
6250,1
6251,1
6252,2
6253,2
6254,2
6255,1
6256,2
6257,1
6258,2
6259,2
6260,2
6261,2
6262,2
6263,1
6264,1
6265,2
6266,1
6267,2
6268,2
6269,1
6270,1
6271,2
6272,1
6273,2
6274,1
6275,1
6276,1
6277,1
6278,1
6279,2
6280,1
6281,2
6282,1
6283,2
6284,2
6285,2
6286,2
6287,2
6288,1
6289,2
6290,1
6291,2
6292,2
6293,1
6294,2
6295,2
6296,2
6297,2
6298,2
6299,1
6300,2
6301,1
6302,2
6303,2
6304,2
6305,2
6306,2
6307,1
6308,1
6309,2
6310,2
6311,1
6312,1
6313,1
6314,1
6315,1
6316,1
6317,2
6318,1
6319,2
6320,1
6321,1
6322,1
6323,1
6324,2
6325,1
6326,1
6327,2
6328,2
6329,2
6330,1
6331,2
6332,2
6333,1
6334,1
6335,1
6336,1
6337,2
6338,2
6339,1
6340,2
6341,2
6342,1
6343,1
6344,1
6345,2
6346,1
6347,2
6348,1
6349,2
6350,2
6351,2
6352,1
6353,2
6354,1
6355,2
6356,2
6357,2
6358,1
6359,2
6360,1
6361,2
6362,1
6363,2
6364,2
6365,1
6366,1
6367,1
6368,1
6369,2
6370,2
6371,2
6372,1
6373,2
6374,2
6375,2
6376,2
6377,2
6378,2
6379,2
6380,2
6381,2
6382,1
6383,2
6384,2
6385,1
6386,1
6387,1
6388,1
6389,1
6390,1
6391,1
6392,2
6393,2
6394,1
6395,2
6396,2
6397,2
6398,1
6399,1
6400,1
6401,1
6402,1
6403,1
6404,1
6405,2
6406,1
6407,2
6408,1
6409,2
6410,2
6411,2
6412,2
6413,1
6414,1
6415,2
6416,2
6417,1
6418,2
6419,1
6420,1
6421,2
6422,1
6423,2
6424,1
6425,2
6426,2
6427,2
6428,1
6429,1
6430,2
6431,1
6432,1
6433,2
6434,1
6435,1
6436,1
6437,1
6438,1
6439,2
6440,2
6441,1
6442,2
6443,1
6444,1
6445,2
6446,2
6447,1
6448,1
6449,1
6450,2
6451,2
6452,2
6453,2
6454,2
6455,2
6456,1
6457,2
6458,1
6459,2
6460,2
6461,2
6462,2
6463,1
6464,2
6465,2
6466,2
6467,2
6468,1
6469,1
6470,2
6471,1
6472,1
6473,2
6474,1
6475,2
6476,2
6477,1
6478,2
6479,2
6480,2
6481,1
6482,2
6483,2
6484,2
6485,1
6486,2
6487,1
6488,1
6489,1
6490,2
6491,1
6492,2
6493,1
6494,1
6495,1
6496,2
6497,2
6498,2
6499,2
6500,1
6501,2
6502,2
6503,1
6504,1
6505,2
6506,1
6507,2
6508,2
6509,2
6510,2
6511,2
6512,2
6513,1
6514,1
6515,2
6516,1
6517,1
6518,1
6519,1
6520,1
6521,2
6522,1
6523,2
6524,2
6525,2
6526,1
6527,2
6528,2
6529,2
6530,1
6531,1
6532,2
6533,1
6534,1
6535,1
6536,2
6537,2
6538,1
6539,2
6540,2
6541,2
6542,2
6543,2
6544,2
6545,2
6546,1
6547,1
6548,1
6549,2
6550,1
6551,1
6552,1
6553,1
6554,1
6555,2
6556,1
6557,2
6558,1
6559,2
6560,1
6561,1
6562,2
6563,1
6564,2
6565,2
6566,1
6567,2
6568,2
6569,2
6570,2
6571,2
6572,1
6573,1
6574,1
6575,1
6576,2
6577,1
6578,2
6579,1
6580,1
6581,2
6582,2
6583,2
6584,2
6585,1
6586,2
6587,2
6588,1
6589,1
6590,2
6591,2
6592,1
6593,1
6594,1
6595,2
6596,1
6597,2
6598,2
6599,1
6600,2
6601,1
6602,2
6603,1
6604,1
6605,2
6606,2
6607,1
6608,1
6609,2
6610,2
6611,2
6612,1
6613,2
6614,1
6615,2
6616,2
6617,2
6618,1
6619,1
6620,1
6621,2
6622,1
6623,2
6624,1
6625,1
6626,1
6627,1
6628,2
6629,2
6630,2
6631,2
6632,1
6633,2
6634,1
6635,1
6636,2
6637,1
6638,1
6639,2
6640,2
6641,2
6642,1
6643,1
6644,2
6645,2
6646,2
6647,1
6648,2
6649,2
6650,1
6651,1
6652,1
6653,1
6654,2
6655,2
6656,1
6657,2
6658,1
6659,2
6660,1
6661,2
6662,1
6663,2
6664,1
6665,2
6666,2
6667,1
6668,2
6669,1
6670,2
6671,2
6672,2
6673,1
6674,1
6675,2
6676,1
6677,1
6678,1
6679,2
6680,2
6681,1
6682,1
6683,1
6684,1
6685,1
6686,1
6687,2
6688,1
6689,1
6690,2
6691,2
6692,1
6693,2
6694,2
6695,2
6696,1
6697,1
6698,1
6699,1
6700,1
6701,2
6702,1
6703,1
6704,1
6705,1
6706,1
6707,2
6708,2
6709,1
6710,1
6711,2
6712,2
6713,2
6714,1
6715,2
6716,1
6717,2
6718,2
6719,1
6720,2
6721,2
6722,2
6723,1
6724,2
6725,2
6726,1
6727,1
6728,2
6729,2
6730,1
6731,2
6732,2
6733,1
6734,1
6735,2
6736,2
6737,1
6738,2
6739,1
6740,2
6741,1
6742,1
6743,1
6744,1
6745,2
6746,2
6747,2
6748,1
6749,2
6750,1
6751,2
6752,1
6753,2
6754,1
6755,1
6756,2
6757,2
6758,2
6759,1
6760,2
6761,2
6762,2
6763,2
6764,1
6765,1
6766,1
6767,1
6768,1
6769,1
6770,1
6771,1
6772,2
6773,1
6774,2
6775,2
6776,1
6777,1
6778,1
6779,2
6780,2
6781,2
6782,2
6783,1
6784,1
6785,1
6786,1
6787,1
6788,2
6789,2
6790,1
6791,2
6792,1
6793,1
6794,1
6795,1
6796,2
6797,2
6798,1
6799,2
6800,2
6801,1
6802,2
6803,1
6804,2
6805,2
6806,2
6807,1
6808,2
6809,1
6810,2
6811,2
6812,1
6813,2
6814,1
6815,2
6816,1
6817,1
6818,2
6819,2
6820,2
6821,2
6822,2
6823,1
6824,1
6825,1
6826,2
6827,2
6828,2
6829,1
6830,2
6831,1
6832,1
6833,1
6834,2
6835,2
6836,1
6837,2
6838,1
6839,2
6840,1
6841,1
6842,2
6843,1
6844,2
6845,1
6846,2
6847,1
6848,1
6849,1
6850,1
6851,2
6852,2
6853,1
6854,1
6855,1
6856,2
6857,2
6858,1
6859,2
6860,2
6861,1
6862,1
6863,2
6864,1
6865,2
6866,1
6867,2
6868,1
6869,2
6870,1
6871,1
6872,1
6873,1
6874,2
6875,2
6876,2
6877,2
6878,1
6879,2
6880,1
6881,1
6882,1
6883,1
6884,1
6885,1
6886,1
6887,2
6888,1
6889,1
6890,2
6891,2
6892,2
6893,1
6894,2
6895,2
6896,2
6897,1
6898,1
6899,1
6900,1
6901,2
6902,2
6903,1
6904,1
6905,1
6906,2
6907,1
6908,2
6909,1
6910,1
6911,1
6912,1
6913,1
6914,2
6915,2
6916,2
6917,2
6918,2
6919,1
6920,1
6921,1
6922,2
6923,1
6924,1
6925,2
6926,2
6927,2
6928,2
6929,2
6930,2
6931,1
6932,1
6933,2
6934,2
6935,1
6936,2
6937,1
6938,1
6939,1
6940,2
6941,1
6942,1
6943,1
6944,2
6945,1
6946,1
6947,1
6948,1
6949,1
6950,2
6951,2
6952,1
6953,2
6954,1
6955,1
6956,1
6957,1
6958,2
6959,1
6960,1
6961,1
6962,1
6963,1
6964,2
6965,2
6966,1
6967,1
6968,1
6969,2
6970,2
6971,1
6972,2
6973,1
6974,2
6975,1
6976,2
6977,2
6978,1
6979,2
6980,1
6981,1
6982,1
6983,1
6984,1
6985,1
6986,1
6987,1
6988,1
6989,1
6990,1
6991,1
6992,1
6993,1
6994,1
6995,1
6996,2
6997,1
6998,2
6999,1
7000,2
7001,2
7002,2
7003,1
7004,2
7005,2
7006,1
7007,1
7008,1
7009,2
7010,2
7011,1
7012,1
7013,1
7014,2
7015,2
7016,2
7017,1
7018,1
7019,2
7020,2
7021,1
7022,2
7023,2
7024,2
7025,2
7026,1
7027,1
7028,1
7029,2
7030,2
7031,2
7032,2
7033,1
7034,1
7035,1
7036,2
7037,1
7038,2
7039,2
7040,2
7041,2
7042,1
7043,1
7044,2
7045,2
7046,2
7047,1
7048,1
7049,2
7050,1
7051,1
7052,1
7053,2
7054,2
7055,2
7056,1
7057,1
7058,1
7059,2
7060,2
7061,2
7062,2
7063,1
7064,2
7065,1
7066,1
7067,1
7068,2
7069,2
7070,1
7071,2
7072,2
7073,1
7074,2
7075,1
7076,2
7077,2
7078,2
7079,2
7080,1
7081,2
7082,1
7083,1
7084,2
7085,1
7086,1
7087,1
7088,1
7089,2
7090,1
7091,1
7092,2
7093,1
7094,1
7095,2
7096,1
7097,2
7098,2
7099,2
7100,2
7101,2
7102,1
7103,1
7104,1
7105,2
7106,1
7107,1
7108,2
7109,1
7110,2
7111,1
7112,2
7113,2
7114,1
7115,2
7116,1
7117,2
7118,1
7119,2
7120,1
7121,1
7122,2
7123,2
7124,2
7125,2
7126,1
7127,2
7128,1
7129,1
7130,1
7131,2
7132,1
7133,2
7134,1
7135,1
7136,2
7137,2
7138,1
7139,2
7140,1
7141,1
7142,2
7143,2
7144,2
7145,1
7146,2
7147,2
7148,1
7149,1
7150,2
7151,2
7152,2
7153,2
7154,1
7155,2
7156,1
7157,1
7158,2
7159,1
7160,1
7161,1
7162,2
7163,1
7164,1
7165,2
7166,2
7167,1
7168,1
7169,1
7170,2
7171,1
7172,2
7173,1
7174,1
7175,1
7176,1
7177,1
7178,2
7179,1
7180,2
7181,2
7182,2
7183,2
7184,1
7185,2
7186,2
7187,1
7188,1
7189,2
7190,2
7191,2
7192,2
7193,2
7194,1
7195,2
7196,2
7197,1
7198,2
7199,1
7200,2
7201,2
7202,2
7203,1
7204,1
7205,1
7206,1
7207,2
7208,1
7209,1
7210,2
7211,1
7212,1
7213,2
7214,2
7215,1
7216,2
7217,2
7218,2
7219,2
7220,1
7221,2
7222,1
7223,2
7224,2
7225,1
7226,2
7227,2
7228,1
7229,1
7230,1
7231,1
7232,1
7233,2
7234,1
7235,2
7236,1
7237,1
7238,2
7239,2
7240,2
7241,1
7242,2
7243,2
7244,2
7245,1
7246,1
7247,2
7248,1
7249,2
7250,2
7251,2
7252,2
7253,2
7254,2
7255,2
7256,1
7257,2
7258,2
7259,2
7260,2
7261,1
7262,1
7263,2
7264,2
7265,1
7266,1
7267,2
7268,1
7269,2
7270,1
7271,1
7272,1
7273,2
7274,1
7275,1
7276,2
7277,1
7278,2
7279,2
7280,2
7281,1
7282,1
7283,2
7284,2
7285,2
7286,1
7287,2
7288,2
7289,1
7290,2
7291,1
7292,1
7293,1
7294,1
7295,1
7296,1
7297,2
7298,2
7299,2
7300,1
7301,1
7302,2
7303,2
7304,1
7305,2
7306,2
7307,1
7308,1
7309,2
7310,2
7311,2
7312,2
7313,1
7314,2
7315,2
7316,2
7317,2
7318,2
7319,1
7320,2
7321,1
7322,1
7323,1
7324,2
7325,2
7326,2
7327,2
7328,1
7329,1
7330,2
7331,2
7332,2
7333,1
7334,2
7335,1
7336,1
7337,2
7338,1
7339,2
7340,1
7341,2
7342,1
7343,1
7344,1
7345,2
7346,1
7347,2
7348,1
7349,1
7350,1
7351,1
7352,1
7353,1
7354,1
7355,1
7356,1
7357,2
7358,2
7359,1
7360,2
7361,2
7362,1
7363,1
7364,1
7365,2
7366,1
7367,1
7368,2
7369,1
7370,1
7371,1
7372,1
7373,2
7374,1
7375,1
7376,1
7377,1
7378,2
7379,1
7380,2
7381,2
7382,2
7383,1
7384,1
7385,2
7386,2
7387,2
7388,1
7389,1
7390,2
7391,2
7392,2
7393,2
7394,2
7395,1
7396,1
7397,2
7398,2
7399,2
7400,1
7401,1
7402,1
7403,2
7404,1
7405,1
7406,1
7407,1
7408,2
7409,1
7410,1
7411,1
7412,1
7413,2
7414,2
7415,1
7416,2
7417,2
7418,1
7419,2
7420,2
7421,2
7422,1
7423,2
7424,1
7425,1
7426,1
7427,2
7428,1
7429,1
7430,1
7431,1
7432,2
7433,1
7434,2
7435,2
7436,2
7437,2
7438,2
7439,1
7440,1
7441,1
7442,2
7443,2
7444,1
7445,1
7446,2
7447,2
7448,2
7449,1
7450,1
7451,2
7452,1
7453,1
7454,2
7455,2
7456,2
7457,2
7458,1
7459,1
7460,2
7461,2
7462,2
7463,1
7464,1
7465,1
7466,1
7467,2
7468,2
7469,1
7470,2
7471,2
7472,1
7473,1
7474,2
7475,2
7476,1
7477,1
7478,2
7479,2
7480,2
7481,1
7482,1
7483,2
7484,2
7485,1
7486,1
7487,2
7488,2
7489,1
7490,2
7491,1
7492,1
7493,1
7494,2
7495,1
7496,2
7497,2
7498,2
7499,2
7500,1
7501,2
7502,2
7503,1
7504,2
7505,2
7506,1
7507,2
7508,1
7509,2
7510,1
7511,2
7512,1
7513,1
7514,2
7515,1
7516,1
7517,1
7518,1
7519,2
7520,1
7521,1
7522,1
7523,2
7524,2
7525,1
7526,1
7527,1
7528,1
7529,1
7530,1
7531,1
7532,1
7533,1
7534,2
7535,2
7536,2
7537,2
7538,1
7539,1
7540,1
7541,2
7542,1
7543,1
7544,1
7545,2
7546,2
7547,2
7548,2
7549,2
7550,2
7551,2
7552,1
7553,2
7554,1
7555,1
7556,2
7557,1
7558,2
7559,2
7560,2
7561,2
7562,2
7563,2
7564,2
7565,2
7566,1
7567,2
7568,1
7569,1
7570,2
7571,1
7572,2
7573,2
7574,2
7575,1
7576,1
7577,2
7578,2
7579,1
7580,1
7581,1
7582,1
7583,2
7584,1
7585,1
7586,2
7587,2
7588,2
7589,2
7590,2
7591,1
7592,2
7593,2
7594,1
7595,1
7596,2
7597,2
7598,2
7599,2
7600,1
7601,2
7602,2
7603,1
7604,1
7605,1
7606,1
7607,1
7608,1
7609,1
7610,1
7611,2
7612,1
7613,1
7614,1
7615,2
7616,1
7617,1
7618,1
7619,1
7620,1
7621,2
7622,1
7623,1
7624,1
7625,1
7626,2
7627,2
7628,1
7629,2
7630,1
7631,2
7632,1
7633,1
7634,1
7635,1
7636,1
7637,2
7638,2
7639,1
7640,2
7641,2
7642,2
7643,1
7644,1
7645,1
7646,2
7647,2
7648,1
7649,2
7650,2
7651,2
7652,1
7653,2
7654,1
7655,2
7656,1
7657,2
7658,2
7659,2
7660,1
7661,1
7662,2
7663,2
7664,2
7665,1
7666,1
7667,2
7668,1
7669,1
7670,2
7671,1
7672,1
7673,2
7674,2
7675,2
7676,2
7677,1
7678,1
7679,1
7680,2
7681,2
7682,1
7683,2
7684,1
7685,1
7686,2
7687,2
7688,1
7689,1
7690,1
7691,1
7692,2
7693,1
7694,2
7695,1
7696,1
7697,2
7698,2
7699,2
7700,1
7701,2
7702,1
7703,2
7704,2
7705,1
7706,1
7707,2
7708,1
7709,2
7710,1
7711,1
7712,2
7713,2
7714,2
7715,1
7716,2
7717,2
7718,2
7719,1
7720,1
7721,1
7722,1
7723,2
7724,2
7725,2
7726,2
7727,2
7728,1
7729,1
7730,1
7731,1
7732,1
7733,1
7734,2
7735,1
7736,2
7737,1
7738,1
7739,2
7740,2
7741,1
7742,2
7743,2
7744,1
7745,1
7746,2
7747,2
7748,2
7749,2
7750,1
7751,2
7752,1
7753,1
7754,1
7755,2
7756,1
7757,1
7758,2
7759,1
7760,2
7761,2
7762,1
7763,2
7764,1
7765,1
7766,2
7767,2
7768,2
7769,1
7770,2
7771,1
7772,2
7773,1
7774,2
7775,1
7776,1
7777,1
7778,2
7779,1
7780,1
7781,2
7782,2
7783,1
7784,2
7785,1
7786,1
7787,2
7788,1
7789,2
7790,1
7791,1
7792,1
7793,1
7794,2
7795,1
7796,2
7797,1
7798,1
7799,2
7800,2
7801,1
7802,1
7803,1
7804,2
7805,2
7806,2
7807,1
7808,2
7809,2
7810,2
7811,2
7812,2
7813,1
7814,2
7815,1
7816,2
7817,2
7818,2
7819,2
7820,1
7821,2
7822,2
7823,2
7824,1
7825,1
7826,2
7827,1
7828,1
7829,2
7830,2
7831,1
7832,1
7833,2
7834,1
7835,1
7836,1
7837,2
7838,2
7839,1
7840,2
7841,1
7842,1
7843,1
7844,2
7845,1
7846,2
7847,1
7848,2
7849,1
7850,2
7851,2
7852,2
7853,2
7854,1
7855,1
7856,1
7857,2
7858,2
7859,2
7860,2
7861,2
7862,2
7863,1
7864,1
7865,1
7866,1
7867,2
7868,1
7869,2
7870,1
7871,2
7872,2
7873,1
7874,2
7875,1
7876,2
7877,1
7878,1
7879,2
7880,1
7881,1
7882,2
7883,2
7884,1
7885,1
7886,2
7887,1
7888,2
7889,1
7890,1
7891,1
7892,1
7893,2
7894,1
7895,1
7896,1
7897,2
7898,2
7899,2
7900,1
7901,2
7902,2
7903,1
7904,2
7905,2
7906,2
7907,2
7908,2
7909,2
7910,2
7911,2
7912,1
7913,2
7914,1
7915,1
7916,1
7917,1
7918,1
7919,2
7920,1
7921,2
7922,1
7923,1
7924,1
7925,2
7926,1
7927,2
7928,1
7929,1
7930,2
7931,2
7932,2
7933,1
7934,2
7935,2
7936,2
7937,1
7938,2
7939,2
7940,1
7941,2
7942,2
7943,2
7944,2
7945,2
7946,1
7947,2
7948,1
7949,1
7950,1
7951,1
7952,2
7953,1
7954,2
7955,1
7956,2
7957,1
7958,1
7959,1
7960,2
7961,1
7962,2
7963,2
7964,1
7965,1
7966,1
7967,1
7968,2
7969,2
7970,1
7971,2
7972,2
7973,2
7974,2
7975,1
7976,2
7977,1
7978,1
7979,2
7980,1
7981,1
7982,1
7983,1
7984,1
7985,2
7986,2
7987,2
7988,2
7989,1
7990,2
7991,2
7992,2
7993,2
7994,2
7995,1
7996,1
7997,1
7998,2
7999,1
8000,2
8001,1
8002,1
8003,2
8004,2
8005,2
8006,1
8007,1
8008,1
8009,2
8010,2
8011,2
8012,1
8013,1
8014,2
8015,1
8016,2
8017,2
8018,2
8019,2
8020,2
8021,2
8022,2
8023,2
8024,2
8025,1
8026,1
8027,1
8028,1
8029,1
8030,1
8031,2
8032,2
8033,2
8034,1
8035,1
8036,1
8037,1
8038,2
8039,1
8040,2
8041,1
8042,2
8043,1
8044,1
8045,2
8046,1
8047,1
8048,1
8049,1
8050,1
8051,1
8052,2
8053,1
8054,2
8055,1
8056,1
8057,2
8058,2
8059,2
8060,2
8061,1
8062,2
8063,1
8064,2
8065,1
8066,1
8067,2
8068,1
8069,2
8070,2
8071,1
8072,1
8073,1
8074,2
8075,2
8076,1
8077,1
8078,1
8079,2
8080,2
8081,2
8082,1
8083,2
8084,1
8085,2
8086,2
8087,1
8088,1
8089,1
8090,1
8091,2
8092,2
8093,2
8094,1
8095,2
8096,2
8097,2
8098,1
8099,2
8100,2
8101,2
8102,2
8103,1
8104,2
8105,1
8106,1
8107,2
8108,1
8109,2
8110,1
8111,1
8112,2
8113,1
8114,2
8115,2
8116,1
8117,2
8118,2
8119,2
8120,2
8121,2
8122,1
8123,1
8124,1
8125,1
8126,1
8127,1
8128,1
8129,2
8130,1
8131,1
8132,1
8133,2
8134,1
8135,2
8136,2
8137,1
8138,2
8139,1
8140,2
8141,2
8142,2
8143,1
8144,1
8145,1
8146,1
8147,2
8148,2
8149,2
8150,1
8151,1
8152,1
8153,1
8154,1
8155,2
8156,2
8157,2
8158,2
8159,1
8160,2
8161,1
8162,1
8163,1
8164,2
8165,1
8166,1
8167,1
8168,2
8169,1
8170,1
8171,2
8172,2
8173,2
8174,1
8175,1
8176,2
8177,1
8178,2
8179,2
8180,2
8181,1
8182,2
8183,2
8184,1
8185,2
8186,1
8187,2
8188,2
8189,1
8190,1
8191,2
8192,1
8193,1
8194,2
8195,2
8196,1
8197,1
8198,2
8199,1
8200,2
8201,1
8202,2
8203,2
8204,1
8205,2
8206,2
8207,1
8208,1
8209,2
8210,2
8211,1
8212,1
8213,2
8214,2
8215,1
8216,1
8217,2
8218,2
8219,2
8220,1
8221,2
8222,1
8223,2
8224,1
8225,2
8226,2
8227,1
8228,1
8229,1
8230,1
8231,2
8232,2
8233,1
8234,1
8235,2
8236,1
8237,2
8238,1
8239,1
8240,2
8241,1
8242,2
8243,2
8244,1
8245,2
8246,1
8247,2
8248,1
8249,2
8250,1
8251,2
8252,1
8253,2
8254,1
8255,2
8256,2
8257,2
8258,2
8259,1
8260,1
8261,2
8262,1
8263,1
8264,2
8265,1
8266,2
8267,1
8268,1
8269,1
8270,1
8271,2
8272,1
8273,2
8274,1
8275,2
8276,1
8277,2
8278,2
8279,1
8280,1
8281,2
8282,2
8283,1
8284,2
8285,2
8286,2
8287,1
8288,1
8289,2
8290,2
8291,1
8292,2
8293,2
8294,1
8295,1
8296,1
8297,2
8298,1
8299,2
8300,2
8301,2
8302,2
8303,1
8304,1
8305,2
8306,1
8307,2
8308,1
8309,2
8310,1
8311,2
8312,2
8313,1
8314,2
8315,1
8316,2
8317,2
8318,2
8319,2
8320,1
8321,2
8322,1
8323,1
8324,1
8325,2
8326,2
8327,1
8328,2
8329,2
8330,2
8331,1
8332,1
8333,1
8334,1
8335,2
8336,1
8337,2
8338,1
8339,1
8340,1
8341,1
8342,2
8343,1
8344,2
8345,2
8346,2
8347,2
8348,2
8349,1
8350,1
8351,1
8352,2
8353,2
8354,1
8355,1
8356,2
8357,2
8358,1
8359,1
8360,2
8361,2
8362,2
8363,2
8364,2
8365,1
8366,2
8367,1
8368,1
8369,2
8370,2
8371,1
8372,2
8373,1
8374,2
8375,2
8376,1
8377,1
8378,2
8379,1
8380,2
8381,1
8382,1
8383,1
8384,1
8385,2
8386,1
8387,2
8388,2
8389,1
8390,1
8391,2
8392,1
8393,1
8394,1
8395,1
8396,1
8397,2
8398,1
8399,1
8400,1
8401,2
8402,1
8403,2
8404,2
8405,1
8406,2
8407,1
8408,1
8409,1
8410,2
8411,2
8412,1
8413,1
8414,1
8415,2
8416,2
8417,1
8418,2
8419,1
8420,1
8421,2
8422,2
8423,1
8424,1
8425,2
8426,1
8427,2
8428,2
8429,1
8430,1
8431,1
8432,1
8433,2
8434,1
8435,2
8436,2
8437,2
8438,2
8439,1
8440,2
8441,2
8442,1
8443,2
8444,1
8445,2
8446,1
8447,1
8448,1
8449,2
8450,2
8451,1
8452,1
8453,2
8454,2
8455,2
8456,1
8457,1
8458,1
8459,2
8460,2
8461,1
8462,1
8463,2
8464,2
8465,2
8466,1
8467,2
8468,2
8469,1
8470,1
8471,2
8472,1
8473,2
8474,1
8475,1
8476,1
8477,2
8478,2
8479,2
8480,1
8481,2
8482,2
8483,1
8484,2
8485,2
8486,1
8487,2
8488,1
8489,1
8490,1
8491,1
8492,2
8493,2
8494,1
8495,1
8496,2
8497,1
8498,2
8499,1
8500,1
8501,1
8502,2
8503,2
8504,1
8505,2
8506,2
8507,1
8508,1
8509,1
8510,2
8511,1
8512,2
8513,2
8514,1
8515,2
8516,2
8517,1
8518,2
8519,2
8520,2
8521,2
8522,2
8523,2
8524,1
8525,1
8526,1
8527,2
8528,1
8529,2
8530,1
8531,2
8532,2
8533,2
8534,1
8535,1
8536,1
8537,1
8538,2
8539,2
8540,2
8541,1
8542,2
8543,1
8544,1
8545,1
8546,1
8547,1
8548,2
8549,1
8550,1
8551,2
8552,1
8553,1
8554,2
8555,2
8556,1
8557,1
8558,2
8559,2
8560,1
8561,1
8562,1
8563,1
8564,1
8565,1
8566,1
8567,1
8568,1
8569,1
8570,1
8571,2
8572,1
8573,1
8574,2
8575,1
8576,2
8577,2
8578,2
8579,2
8580,1
8581,1
8582,2
8583,2
8584,2
8585,1
8586,1
8587,1
8588,2
8589,2
8590,2
8591,1
8592,2
8593,2
8594,2
8595,1
8596,2
8597,2
8598,1
8599,1
8600,2
8601,1
8602,1
8603,2
8604,1
8605,2
8606,2
8607,1
8608,2
8609,2
8610,2
8611,2
8612,1
8613,2
8614,1
8615,1
8616,1
8617,1
8618,2
8619,1
8620,2
8621,2
8622,1
8623,2
8624,2
8625,1
8626,1
8627,2
8628,2
8629,1
8630,1
8631,2
8632,1
8633,2
8634,2
8635,2
8636,2
8637,2
8638,1
8639,1
8640,1
8641,1
8642,1
8643,2
8644,2
8645,2
8646,1
8647,2
8648,1
8649,1
8650,1
8651,1
8652,1
8653,1
8654,1
8655,1
8656,1
8657,1
8658,2
8659,1
8660,1
8661,1
8662,1
8663,1
8664,1
8665,2
8666,2
8667,1
8668,2
8669,1
8670,2
8671,2
8672,1
8673,1
8674,2
8675,2
8676,2
8677,2
8678,2
8679,1
8680,2
8681,2
8682,1
8683,1
8684,1
8685,2
8686,1
8687,1
8688,1
8689,2
8690,2
8691,2
8692,2
8693,2
8694,2
8695,2
8696,2
8697,1
8698,2
8699,2
8700,2
8701,2
8702,2
8703,2
8704,1
8705,1
8706,1
8707,1
8708,1
8709,1
8710,2
8711,1
8712,1
8713,1
8714,2
8715,2
8716,1
8717,1
8718,2
8719,1
8720,2
8721,2
8722,2
8723,1
8724,1
8725,1
8726,1
8727,1
8728,2
8729,1
8730,1
8731,2
8732,1
8733,2
8734,2
8735,1
8736,2
8737,1
8738,2
8739,1
8740,1
8741,1
8742,1
8743,2
8744,2
8745,1
8746,2
8747,2
8748,1
8749,1
8750,2
8751,2
8752,1
8753,2
8754,1
8755,1
8756,2
8757,2
8758,2
8759,1
8760,2
8761,1
8762,2
8763,2
8764,2
8765,1
8766,2
8767,2
8768,1
8769,1
8770,2
8771,2
8772,1
8773,2
8774,2
8775,1
8776,1
8777,1
8778,1
8779,1
8780,2
8781,1
8782,1
8783,2
8784,2
8785,1
8786,2
8787,1
8788,2
8789,1
8790,2
8791,2
8792,1
8793,2
8794,2
8795,1
8796,2
8797,1
8798,2
8799,1
8800,2
8801,1
8802,1
8803,2
8804,1
8805,1
8806,2
8807,1
8808,1
8809,2
8810,2
8811,1
8812,1
8813,1
8814,1
8815,1
8816,1
8817,1
8818,1
8819,2
8820,2
8821,1
8822,2
8823,1
8824,2
8825,1
8826,1
8827,1
8828,2
8829,2
8830,1
8831,2
8832,1
8833,1
8834,1
8835,1
8836,1
8837,1
8838,1
8839,1
8840,1
8841,1
8842,2
8843,2
8844,2
8845,1
8846,2
8847,2
8848,1
8849,1
8850,1
8851,1
8852,1
8853,2
8854,2
8855,1
8856,1
8857,2
8858,2
8859,2
8860,2
8861,1
8862,2
8863,2
8864,1
8865,2
8866,2
8867,1
8868,2
8869,1
8870,1
8871,1
8872,2
8873,1
8874,1
8875,2
8876,1
8877,2
8878,2
8879,1
8880,1
8881,1
8882,2
8883,1
8884,1
8885,2
8886,1
8887,1
8888,2
8889,2
8890,2
8891,2
8892,2
8893,1
8894,1
8895,1
8896,2
8897,2
8898,1
8899,1
8900,2
8901,1
8902,1
8903,2
8904,1
8905,2
8906,2
8907,1
8908,1
8909,1
8910,2
8911,1
8912,2
8913,2
8914,1
8915,1
8916,1
8917,2
8918,2
8919,2
8920,2
8921,1
8922,2
8923,1
8924,2
8925,2
8926,1
8927,2
8928,1
8929,1
8930,1
8931,2
8932,1
8933,1
8934,2
8935,2
8936,2
8937,1
8938,1
8939,1
8940,2
8941,2
8942,1
8943,2
8944,2
8945,2
8946,2
8947,2
8948,1
8949,1
8950,1
8951,1
8952,1
8953,2
8954,1
8955,1
8956,1
8957,1
8958,2
8959,1
8960,2
8961,1
8962,2
8963,2
8964,1
8965,2
8966,2
8967,2
8968,2
8969,1
8970,2
8971,2
8972,1
8973,1
8974,2
8975,1
8976,2
8977,2
8978,1
8979,1
8980,2
8981,1
8982,2
8983,1
8984,1
8985,1
8986,2
8987,2
8988,1
8989,2
8990,2
8991,1
8992,2
8993,2
8994,1
8995,1
8996,1
8997,1
8998,2
8999,2
9000,1
9001,2
9002,2
9003,1
9004,2
9005,2
9006,2
9007,2
9008,2
9009,2
9010,2
9011,1
9012,2
9013,2
9014,1
9015,2
9016,2
9017,2
9018,2
9019,1
9020,1
9021,2
9022,1
9023,2
9024,1
9025,2
9026,1
9027,2
9028,2
9029,2
9030,2
9031,2
9032,2
9033,2
9034,2
9035,1
9036,1
9037,1
9038,2
9039,1
9040,1
9041,1
9042,1
9043,1
9044,1
9045,1
9046,2
9047,1
9048,2
9049,1
9050,1
9051,2
9052,2
9053,2
9054,2
9055,1
9056,1
9057,1
9058,1
9059,1
9060,2
9061,2
9062,1
9063,2
9064,1
9065,1
9066,2
9067,1
9068,2
9069,1
9070,1
9071,2
9072,2
9073,2
9074,2
9075,1
9076,1
9077,1
9078,1
9079,2
9080,2
9081,1
9082,2
9083,1
9084,2
9085,1
9086,2
9087,1
9088,2
9089,1
9090,1
9091,1
9092,2
9093,2
9094,1
9095,2
9096,2
9097,2
9098,1
9099,1
9100,2
9101,1
9102,1
9103,1
9104,2
9105,1
9106,2
9107,1
9108,2
9109,2
9110,1
9111,2
9112,1
9113,1
9114,1
9115,2
9116,1
9117,1
9118,1
9119,2
9120,2
9121,2
9122,1
9123,1
9124,2
9125,1
9126,2
9127,1
9128,2
9129,2
9130,1
9131,1
9132,1
9133,2
9134,2
9135,1
9136,2
9137,1
9138,2
9139,1
9140,1
9141,2
9142,1
9143,1
9144,1
9145,1
9146,2
9147,2
9148,1
9149,2
9150,2
9151,1
9152,2
9153,2
9154,1
9155,1
9156,1
9157,1
9158,2
9159,1
9160,2
9161,2
9162,1
9163,1
9164,2
9165,1
9166,1
9167,2
9168,2
9169,2
9170,2
9171,1
9172,1
9173,2
9174,1
9175,2
9176,1
9177,2
9178,1
9179,2
9180,2
9181,1
9182,2
9183,1
9184,2
9185,1
9186,1
9187,2
9188,2
9189,1
9190,1
9191,2
9192,1
9193,2
9194,1
9195,1
9196,2
9197,1
9198,1
9199,1
9200,1
9201,1
9202,1
9203,2
9204,1
9205,2
9206,2
9207,2
9208,1
9209,2
9210,2
9211,1
9212,2
9213,2
9214,2
9215,1
9216,1
9217,2
9218,2
9219,2
9220,2
9221,2
9222,1
9223,2
9224,2
9225,2
9226,2
9227,1
9228,2
9229,2
9230,1
9231,1
9232,2
9233,1
9234,1
9235,1
9236,2
9237,2
9238,2
9239,2
9240,2
9241,2
9242,2
9243,1
9244,2
9245,2
9246,2
9247,2
9248,1
9249,1
9250,2
9251,1
9252,1
9253,1
9254,1
9255,1
9256,2
9257,1
9258,1
9259,2
9260,2
9261,2
9262,1
9263,2
9264,2
9265,1
9266,1
9267,2
9268,2
9269,2
9270,2
9271,1
9272,2
9273,1
9274,1
9275,2
9276,1
9277,1
9278,2
9279,1
9280,2
9281,1
9282,2
9283,1
9284,2
9285,1
9286,2
9287,2
9288,1
9289,2
9290,1
9291,1
9292,1
9293,2
9294,2
9295,1
9296,2
9297,1
9298,1
9299,2
9300,1
9301,1
9302,2
9303,1
9304,2
9305,1
9306,1
9307,1
9308,1
9309,2
9310,2
9311,1
9312,2
9313,2
9314,2
9315,2
9316,2
9317,2
9318,2
9319,1
9320,1
9321,1
9322,2
9323,1
9324,1
9325,2
9326,2
9327,2
9328,1
9329,1
9330,1
9331,1
9332,2
9333,2
9334,2
9335,2
9336,1
9337,1
9338,1
9339,2
9340,1
9341,2
9342,2
9343,1
9344,2
9345,1
9346,2
9347,1
9348,2
9349,2
9350,2
9351,2
9352,2
9353,2
9354,1
9355,2
9356,1
9357,1
9358,1
9359,2
9360,2
9361,1
9362,2
9363,2
9364,2
9365,2
9366,2
9367,1
9368,2
9369,2
9370,1
9371,1
9372,2
9373,2
9374,1
9375,1
9376,1
9377,1
9378,1
9379,2
9380,2
9381,2
9382,2
9383,1
9384,2
9385,1
9386,1
9387,1
9388,2
9389,1
9390,1
9391,2
9392,2
9393,2
9394,1
9395,1
9396,2
9397,2
9398,2
9399,2
9400,2
9401,1
9402,1
9403,1
9404,2
9405,1
9406,2
9407,2
9408,2
9409,1
9410,1
9411,2
9412,1
9413,1
9414,2
9415,1
9416,2
9417,1
9418,2
9419,2
9420,1
9421,2
9422,2
9423,1
9424,1
9425,2
9426,2
9427,2
9428,2
9429,1
9430,1
9431,1
9432,2
9433,1
9434,2
9435,2
9436,2
9437,1
9438,2
9439,2
9440,1
9441,1
9442,1
9443,1
9444,1
9445,1
9446,2
9447,2
9448,2
9449,2
9450,2
9451,1
9452,1
9453,1
9454,1
9455,2
9456,2
9457,1
9458,2
9459,1
9460,2
9461,2
9462,1
9463,1
9464,2
9465,1
9466,2
9467,1
9468,2
9469,2
9470,1
9471,2
9472,2
9473,1
9474,1
9475,2
9476,2
9477,1
9478,1
9479,1
9480,1
9481,1
9482,2
9483,1
9484,2
9485,2
9486,2
9487,2
9488,2
9489,2
9490,1
9491,2
9492,1
9493,2
9494,1
9495,1
9496,1
9497,1
9498,2
9499,1
9500,2
9501,2
9502,1
9503,2
9504,2
9505,2
9506,1
9507,1
9508,1
9509,2
9510,2
9511,1
9512,1
9513,2
9514,2
9515,1
9516,2
9517,2
9518,1
9519,2
9520,1
9521,1
9522,1
9523,1
9524,2
9525,2
9526,1
9527,2
9528,1
9529,2
9530,2
9531,2
9532,1
9533,1
9534,2
9535,2
9536,2
9537,1
9538,1
9539,1
9540,2
9541,1
9542,2
9543,1
9544,1
9545,1
9546,1
9547,2
9548,1
9549,2
9550,1
9551,1
9552,1
9553,1
9554,1
9555,1
9556,1
9557,2
9558,2
9559,1
9560,2
9561,1
9562,1
9563,1
9564,1
9565,2
9566,2
9567,2
9568,2
9569,2
9570,2
9571,2
9572,1
9573,1
9574,2
9575,2
9576,2
9577,1
9578,2
9579,1
9580,1
9581,1
9582,1
9583,1
9584,1
9585,2
9586,2
9587,1
9588,2
9589,1
9590,2
9591,1
9592,2
9593,2
9594,2
9595,2
9596,1
9597,2
9598,1
9599,2
9600,2
9601,1
9602,2
9603,1
9604,2
9605,2
9606,2
9607,1
9608,2
9609,1
9610,1
9611,1
9612,2
9613,2
9614,1
9615,2
9616,1
9617,2
9618,1
9619,2
9620,2
9621,1
9622,1
9623,2
9624,1
9625,2
9626,1
9627,1
9628,1
9629,1
9630,1
9631,2
9632,2
9633,2
9634,2
9635,1
9636,2
9637,1
9638,1
9639,1
9640,1
9641,1
9642,1
9643,2
9644,1
9645,2
9646,2
9647,1
9648,1
9649,1
9650,2
9651,2
9652,1
9653,1
9654,2
9655,2
9656,2
9657,2
9658,1
9659,1
9660,2
9661,1
9662,1
9663,2
9664,1
9665,2
9666,1
9667,1
9668,1
9669,2
9670,2
9671,1
9672,2
9673,2
9674,1
9675,2
9676,1
9677,2
9678,2
9679,1
9680,1
9681,2
9682,1
9683,1
9684,2
9685,1
9686,2
9687,2
9688,2
9689,1
9690,2
9691,1
9692,1
9693,2
9694,2
9695,2
9696,2
9697,1
9698,2
9699,2
9700,2
9701,2
9702,2
9703,1
9704,1
9705,2
9706,1
9707,1
9708,2
9709,1
9710,1
9711,1
9712,1
9713,2
9714,2
9715,1
9716,1
9717,1
9718,1
9719,1
9720,2
9721,1
9722,1
9723,2
9724,2
9725,2
9726,2
9727,2
9728,2
9729,2
9730,2
9731,1
9732,1
9733,2
9734,2
9735,2
9736,2
9737,2
9738,2
9739,1
9740,1
9741,1
9742,1
9743,1
9744,1
9745,2
9746,1
9747,2
9748,1
9749,1
9750,1
9751,2
9752,2
9753,1
9754,2
9755,1
9756,1
9757,2
9758,2
9759,1
9760,2
9761,2
9762,2
9763,1
9764,1
9765,1
9766,1
9767,2
9768,2
9769,2
9770,1
9771,2
9772,1
9773,1
9774,2
9775,1
9776,2
9777,1
9778,1
9779,2
9780,2
9781,1
9782,2
9783,1
9784,2
9785,2
9786,2
9787,2
9788,1
9789,2
9790,1
9791,1
9792,1
9793,1
9794,1
9795,2
9796,2
9797,1
9798,1
9799,1
9800,2
9801,1
9802,1
9803,2
9804,2
9805,2
9806,1
9807,1
9808,1
9809,2
9810,2
9811,2
9812,2
9813,2
9814,2
9815,1
9816,2
9817,2
9818,1
9819,1
9820,2
9821,1
9822,2
9823,2
9824,1
9825,1
9826,1
9827,2
9828,1
9829,1
9830,1
9831,2
9832,2
9833,2
9834,1
9835,1
9836,1
9837,1
9838,2
9839,2
9840,1
9841,1
9842,2
9843,2
9844,2
9845,1
9846,1
9847,2
9848,1
9849,1
9850,2
9851,2
9852,1
9853,2
9854,1
9855,2
9856,1
9857,2
9858,1
9859,1
9860,1
9861,1
9862,1
9863,2
9864,2
9865,1
9866,1
9867,1
9868,1
9869,2
9870,2
9871,1
9872,1
9873,1
9874,1
9875,2
9876,1
9877,2
9878,1
9879,2
9880,1
9881,2
9882,1
9883,2
9884,1
9885,1
9886,2
9887,1
9888,2
9889,1
9890,1
9891,1
9892,2
9893,1
9894,2
9895,1
9896,2
9897,2
9898,1
9899,2
9900,1
9901,1
9902,1
9903,2
9904,1
9905,1
9906,2
9907,1
9908,2
9909,2
9910,1
9911,1
9912,2
9913,1
9914,2
9915,1
9916,1
9917,2
9918,2
9919,1
9920,2
9921,1
9922,1
9923,1
9924,1
9925,2
9926,1
9927,1
9928,2
9929,1
9930,2
9931,1
9932,1
9933,2
9934,2
9935,1
9936,2
9937,2
9938,2
9939,1
9940,1
9941,1
9942,1
9943,1
9944,2
9945,2
9946,2
9947,1
9948,1
9949,2
9950,1
9951,2
9952,2
9953,1
9954,2
9955,1
9956,1
9957,2
9958,2
9959,2
9960,2
9961,1
9962,2
9963,2
9964,1
9965,2
9966,2
9967,1
9968,2
9969,1
9970,1
9971,2
9972,2
9973,1
9974,1
9975,1
9976,1
9977,1
9978,2
9979,1
9980,1
9981,1
9982,1
9983,2
9984,2
9985,2
9986,1
9987,1
9988,1
9989,1
9990,2
9991,2
9992,1
9993,1
9994,1
9995,1
9996,1
9997,1
9998,1
9999,1
10000,1
