"","24","45","23","12"
"1",0,-0.000117885257333796,0,0
"2",0.0252645790779187,-0.0480252940095583,0.00664001307336968,-0.312050346443436
"3",0.906654000006701,0.0109435353612567,0.307953161212794,0.845452667570834
"4",0.43233187742141,-0.0151343478084872,0.465322495990022,-0.739799911435554
"5",-0.47298939404027,0.021101034955552,0.0295833722481262,0.831938935117609
"6",-0.125832396867834,-0.0206207519822932,-0.230049091260303,0.355761760515438
"7",0.478448338520973,-0.026526935068709,-0.0126127602832498,-0.819076237326951
"8",0.733142346093146,0.0588017807478339,0.716177741068716,-0.918986051945309
"9",0.130101647415671,-0.00500835455580878,-0.0080634674643896,-0.242878196597598
"10",0.433261384864884,0.0146765763839909,0.121743333266982,0.176986778995084
"11",0.00146694533859715,0.00218673830796958,0.000764823324777428,0.000547726423289721
"12",0.0485130912668143,0.059686151462236,0.0160149978750039,0.068503660945374
"13",0,1.93924288516544e-05,0,0
"14",0.224653081174131,0.0341030833396626,0.223227978362283,-0.32665025683646
"15",-1.07678581584258,-0.014214249041088,-0.294024530463596,-0.443400938667373
"16",0.286320381059614,-0.0845226816554785,0.510409857378332,0.665455203216559
"17",0,-2.2952973673061e-05,0,0
"18",0,-2.21639587398102e-05,0,0
"19",0,0,0,0
"20",0.822108234166364,0.1655975512292,0.180051262049544,-1.00901645960711
"21",-0.0353788666514287,0.00328807718633977,0.00384944229955475,0.0713896346599798
"22",-0.332122695872965,0.0143698831570109,0.0158453978445299,0.688950451824049
"23",1.21600493587277,0.0642935276302251,0.730437703704416,-1.65695280208363
"24",0,0,0,0
"25",0.47967127343441,-0.124799770502274,-0.1144356725627,-0.538698840781399
"26",0,-2.42595817633159e-05,0,0
"27",-0.29936208085428,-0.158744680686254,-0.269915512589696,1.86651809552928
"28",0,-7.0577377731498e-05,0,0
"29",-1.27945651916689,-0.275812778746873,-0.403201837145177,1.11517660797398
"30",1.17932508245969,0.0291051428357127,0.298889920467268,-0.887965026259428
"31",-0.0919949127946742,-0.0691845796179098,-0.0387807631974022,0.00485595704365915
"32",1.98999436100554,0.151881328603144,1.63749393928844,-2.63293354944021
"33",0.527060792307925,0.0136192958365216,0.329734591068011,-0.192811456391704
"34",0.778643354748773,0.0115561782662423,0.288649581331339,0.629377878000059
"35",0.834761533016708,0.318407517263199,0.281263958159853,-1.85764032005745
"36",-0.0671790983534965,-0.0058303083019972,-0.0650700350555551,0.0956873057896682
"37",-1.32329763667499,-0.111899094350372,-0.560361537094147,-0.0253657783174235
"38",0.0157588457007621,0.0406521582038066,-0.11664888075808,-0.228125746506448
"39",-0.818192836741531,-0.144059092551295,-0.107579498290937,1.88035011321152
"40",-0.160460380166161,0.0158849779726191,0.00873148201612326,0.251617774446569
"41",0.958952347395024,0.0222624135219649,0.24990665869242,0.29251155555778
"42",-0.952511018688239,0.117758776839623,0.0524363214833154,1.77887097782906
"43",-0.531015109677718,0.0419652601832797,0.091314482699604,0.833248265554601
"44",1.35107390873101,-0.164849630601785,0.564072551413547,-1.49018269760781
"45",0,-6.2835223153798e-05,0,0
"46",1.01414885950373,-0.0389495558032623,-0.0479153119457517,-1.96538850186387
"47",0.0289548739275841,0.0303320660580092,0.00444549283469269,0.0305178526443644
"48",0,-3.11376398367416e-06,0,0
"49",-2.12136901834409,-0.480247742316443,-0.543953645091849,2.3631090936071
"50",-0.368430115897293,-0.338219713762026,0.0630688489541123,0.444258976766816
"51",1.34207884919142,0.0619087742008254,1.36165732388293,-1.64622549767202
"52",0,0,0,0
"53",0.115455228450091,-0.00305248348018006,-0.00249812042180459,-0.200298124293636
"54",-0.322152173121401,0.0308311496465676,0.0973280794784389,2.34150145316688
"55",0.278405954723126,0.0214059678778714,0.273324306916086,-0.347383277313181
"56",0.0980579437295101,0.165713377520191,-0.405159124700421,-1.44654200681103
"57",0.29345334489229,0.040070155028532,0.283979739325229,-0.39547125940289
"58",-0.30368182522219,-0.0985511137047585,-0.0826413397141965,-0.160063525918374
"59",1.02981634149985,-0.0104886888967689,1.02703842250667,-0.976708497044341
"60",0.633147705489298,-0.270753326313146,-1.01651248763892,2.62377394534573
"61",0.167348891786914,-0.00800642424018821,-0.00890324249641824,-0.320899553522224
"62",0.059687874566805,0.000712317345547974,0.0126377012953313,0.0270025873647268
"63",0.116753269905895,-0.0715440116227308,0.0176518267666435,1.03959134144938
"64",-0.726315352747399,-0.0933061207343207,0.00694963254193956,1.01172790096011
"65",0.371646908828262,0.0426497995014094,0.306381203751338,-0.555654178988847
"66",0.858796805198182,0.222345509124752,0.188370021589456,-1.37911205005253
"67",0.568021579663849,0.0641434548146562,0.560416810463858,-0.809928819861124
"68",0,0,0,0
"69",-0.944501182702112,-0.0957721868351778,-0.922153318643121,1.21371877154143
"70",-0.50635167727874,0.0177143783990797,0.0226425676887362,0.922248839825171
"71",0.215912568418028,0.102013116130434,0.292890885725483,-0.37994927826737
"72",-0.564622118401771,0.0551461101830596,0.027067274577578,0.893709931330934
"73",1.62783373074889,0.114644248162546,0.582523630439763,-1.45089428795901
"74",-0.406268158694511,-0.19795189829531,-0.1248996280285,0.704940216896509
"75",1.78573782137166,0.0531348427172937,0.907382383043081,-0.317345013973885
"76",-0.350233202414595,-0.0257712500829414,-0.347842953312026,0.431053577502247
"77",1.1515662432834,-0.0519496271126732,-0.0487290060201049,-1.69871073710935
"78",-0.976438178942915,-0.0276219282157385,-0.170086442348193,-0.191878864310097
"79",0.545157597377026,-0.0288631187912095,-0.0253451555143177,-0.908787860531963
"80",0.0580222034234741,0.108077956626546,-0.209558868091878,-0.5060260443037
"81",1.41454975482135,0.45665852945966,0.357798114125265,-2.69106226440568
"82",0.928145746109901,0.167251361843871,0.866028773018642,-1.11380807397015
"83",0.728887730890621,0.0144715517146614,0.1891559952245,0.320207813648119
"84",0.179209372256925,0.0406472743610145,0.047680156937229,-0.402556268355716
"85",-0.0309165409235935,-0.0277641079514019,-0.0114099523660011,-0.0243810442798713
"86",-0.45933421607096,-0.151219177130472,-0.228863645821635,1.94126295060308
"87",-0.0878004477466709,-0.0757576231758788,-0.0265581170744423,-0.0950918553096123
"88",-0.732837532157479,0.0270530690476062,-0.0630540776234032,1.86317063801563
"89",0,0,0,0
"90",-0.663438551636915,-0.047795180148442,0.00933526319769898,1.11359278545522
"91",0,-2.28300041532875e-06,0,0
"92",0.78838276979996,0.143533865894985,0.285127475171158,-1.11790318314248
"93",-0.0627272147792389,-0.00733864687525061,-0.0606117278591865,0.0813202573880836
"94",-0.317375175112665,-0.0124569718532316,-0.0738233179705424,1.21456944569332
"95",-0.00847433731014812,-0.0128006088068067,-0.00165098735921165,-0.00994145960100867
"96",0.39240843278097,0.134020877118342,0.0940618122438582,-1.06553603642158
"97",1.23698727624537,0.00992180601784988,-0.0443044762616257,-1.59499387715939
"98",0,-2.52834360180166e-05,0,0
"99",1.07590464109396,-0.0945582204499448,0.270953990355795,1.41440071517578
"100",0.324899054402934,-0.015596071087729,-0.0137179964871864,-0.529145454491153
"101",0,-2.80023671831248e-05,0,0
"102",-0.329441569389648,0.0110171975631738,0.020648462901413,0.529553007524882
"103",-0.135691780350265,-0.0714312732994482,-0.0427799279560815,0.523955188246648
"104",-0.505972452045567,-0.0619958085300835,-0.631578636902353,0.60386310496595
"105",1.23397449379164,0.0304741320829831,0.501593095309346,0.942111172049372
"106",-0.153190106942122,0.0232692677476289,-0.17322028103688,0.291815545945015
"107",0,3.84107248193996e-06,0,0
"108",-0.728774833553358,-0.0762969188486839,-0.719998826351266,0.963561997656398
"109",0,0,0,0
"110",-0.0403849666019868,-0.0173751347076034,-0.0114117115314954,0.118996608312487
"111",-0.0588372500017762,-0.0681508620522718,-0.0179118339775238,-0.0691687755585388
"112",0.768946541432741,-0.0351816920381056,-0.0434583009302283,-1.38969650756142
"113",2.23659075559561,0.0429989894917053,0.796787288335055,-2.81743181758736
"114",-0.096582935404988,0.00670709090681512,0.00821629873515303,0.150971125388544
"115",-0.744785327352589,-0.0777347169490958,-0.0688937820515214,1.61627172685397
"116",-0.0357923013836841,-0.0476060996775424,-0.0109349539421369,-0.0552739299164492
"117",-2.16700083822223,-0.150062332687656,-1.89935611566273,3.18349656841345
"118",0.87795926113627,-0.00789823190751537,-0.139307116953708,1.03706106370237
"119",-0.637172455690543,-0.0808519496877859,-0.636290510158445,0.852351970056052
"120",-0.0615655450252168,-0.0229484953551079,-0.02343001682834,0.171188498359802
"121",-0.256248426253529,0.00549114663057221,0.0912651334529635,0.556235953365884
"122",0.355583977482267,-0.019872987563581,-0.0293828888890116,-0.570188771512428
"123",0.0619105325196644,0.0501154094402869,0.0368931407397422,2.08623480661818
"124",0.737619486235197,-0.0736724961416254,0.806441349975793,-1.22102842636756
"125",-0.496303109216567,-0.0148062016351592,-0.112695494114201,-0.110292812087208
"126",0.697181526393075,0.0436642858359026,0.690093633211381,-0.83640158970104
"127",-1.60804376861373,-0.022516380495804,-0.359329273467811,-0.617147311059345
"128",1.35087833385832,0.0398684759906569,0.595829857075974,1.45646305712902
"129",0.138842454369312,0.0104510152703682,0.132846459710784,-0.165226397435034
"130",-0.248661714223499,0.0496715274477238,0.0364645538423188,0.287453901135316
"131",0.287719954124542,0.0104251433709331,0.0118601748426292,-0.541857140404126
"132",0.138126167735282,0.0805127439963498,0.0453936460431532,-0.911888221649326
"133",0.231411745424686,-0.0129465218542669,-0.0104191641219159,-0.390530604046023
"134",0,-4.72647728828877e-05,0,0
"135",0.185918306518171,-0.0597555438602033,0.237356038196069,-0.453596300087089
"136",0,0,0,0
"137",-0.713659703073165,0.0348532371644455,0.0384901528527353,1.19282805437048
"138",-0.170708326946549,0.120252677100367,0.108232694274638,-0.0147691353841074
"139",0.875900859142649,-0.131237645877323,-0.067624704527352,-1.93658214583277
"140",0.409166384945341,0.170622206903928,0.0993393852401085,-0.89152099213647
"141",-0.933609947027568,-0.03477794837069,-0.21552701828984,-0.344841359032734
"142",0,0,0,0
"143",0.0908875357701626,0.0158118502606528,0.0881854218960156,-0.13501547108396
"144",-0.0978633220437479,0.00906237606610279,-0.00538838331525912,0.163556569315706
"145",0.0213875572879322,0.00273503242790526,0.020701030852227,-0.0290332882153736
"146",0.230221323502788,0.0205162642511187,0.223129107926792,-0.285432762440393
"147",0.244145712083038,0.00101515921623935,0.247722003022847,-0.384042833664757
"148",0,6.93410379322182e-07,0,0
"149",0.197062034111658,-0.0637367916114671,-0.233093016375297,-2.30148357315064
"150",0.217874074501638,0.0689101940699641,0.0632421300432146,-0.22546154196986
"151",0.186451477239256,0.083564478475425,0.0349717727019852,-0.613365671050623
"152",0.539561412329244,0.0280803255968573,0.325103442973266,-0.219943764290035
"153",-2.55953136609067,-0.694144396405004,-1.15301985314006,3.32130704821887
"154",1.22930278892672,0.362313653411749,0.0930031209871329,-2.70409247499622
"155",0.752419265758319,0.239943916967611,0.206130986389021,-1.59039006821329
"156",1.68794530469305,-0.047373857236366,0.112433765611253,-1.41485523241397
"157",0.109287482540902,0.0844553063947924,0.0286534813493998,0.112769052967132
"158",0.479891520573352,0.0143752285218144,0.119618207901838,0.192598651703596
"159",-0.0128672062367082,-0.00511923722819933,-0.00581473255559836,0.0272992912990855
"160",-0.0937594249789469,0.0525284395322671,-0.142334959125559,0.308341651568268
"161",1.31295732205441,0.0290015386033866,0.51599718342695,0.780328602731054
"162",0.844366196080135,-0.0750502435615361,-0.0441943655193873,-1.53506685672369
"163",0.304798052632729,0.115964332702514,0.0972584422464901,-1.02598670349627
"164",1.10992771694996,0.0215089716772839,0.219749848595348,0.398726436003708
"165",0.106043271557976,-0.396213628670095,-0.224829637328867,0.000507507872604329
"166",0.567500536527503,-0.113214363720613,-0.208734697949797,-1.83243685211075
"167",0.680860303809959,0.00488581212437202,0.198858912061295,0.518874238075099
"168",-0.375375893234088,-0.028668057114569,-0.111120450665171,-0.493277729654467
"169",1.06048389299701,-0.0814615129328743,-0.0354443254094671,-1.66731782676032
"170",-2.96741498018118,-0.208284474678135,-1.50808045999717,1.23823986989279
"171",0,0,0,0
"172",1.27485267318717,0.419172148562731,0.453619074655633,-3.29520119187719
"173",-0.431398656221716,-0.168872803188705,-0.0979400979116486,1.21644464350131
"174",-0.303991191553246,-0.0356832953138638,-0.300416129001602,0.422931969805297
"175",-2.4745357887384,-0.521731656626623,-1.46825047114036,1.08299277073351
"176",-0.339672962033251,-0.0574289459396484,-0.333824906635954,0.494714304160583
"177",-0.219553491438104,0.0162243647835407,0.0143214828999386,0.388629888803235
"178",0.0176389703722455,0.0272351378723563,0.0070804680790688,0.03270660872845
"179",0,-2.06445027748707e-05,0,0
"180",1.26730984735697,0.0592054933799128,1.06923004657281,-1.54084181761037
"181",0.359569723515564,-0.177030382839785,0.0926452798656712,2.19824397517448
"182",0.0430666380612295,0.0518044262993178,0.017665746266532,0.0331423047206891
"183",-1.44259332285339,0.122147258749938,-1.55191837413131,2.71871963625561
"184",0.595929095354288,0.200324948386718,0.177603018330853,-1.32381289291899
"185",-0.121948185680956,0.00375297658917854,0.00516423654781307,0.210288888843972
"186",0.581629702994162,-0.030497257477338,-0.0287163220734744,-1.09274015250677
"187",-0.62293860081504,-0.431089093779767,-0.110203247817607,1.76030258102234
"188",0.106026537798814,0.0293355837358803,0.0922522300949679,-0.124117618743118
"189",0.62068022652134,-0.0312480419969392,-0.042525072950442,-1.14020641798105
"190",-0.221170134634879,-0.0540539445656287,-0.0523089364269535,1.53883924328518
"191",0.221192067439306,0.0173015960405819,0.216989679406219,-0.294149440687137
"192",-0.159432837527418,-0.161188390953871,0.293938441942894,1.1297226725494
"193",1.10721625036856,0.13690832920625,1.00350147048551,-1.54218178209501
"194",0,-9.36279466265547e-06,0,0
"195",1.06980717278929,0.475656691784812,0.253256694471915,-2.65260246767446
"196",0.0662346627837377,0.0741267606173933,0.0163412558252781,0.0798743843222751
"197",0.449964093362341,0.108298736081267,0.409303900372524,-0.399727426265086
"198",-0.547311626735289,-0.042749684865755,-0.0289293713119864,0.868128565137546
"199",-0.573336022393005,0.145287432282027,0.210582789721481,1.68677560145862
"200",-1.16461163445273,-0.0624712967642133,-0.101244077341953,1.57311673628371
"201",0.287108114557473,-0.0594179569111273,-0.0434434587106581,-0.597688209956809
"202",0.572105952911124,0.0699207216789323,0.558062724311265,-0.706431095716787
"203",-0.113074987669877,-0.00209316158280808,-0.0112092178380526,0.000775043602689996
"204",0,1.40310286648994e-05,0,0
"205",0.220755159675535,0.0184754701546923,0.217225380666134,-0.291365259544563
"206",-1.39683866179978,-0.0454533364228062,-0.554850125820094,-0.0830535247919073
"207",-0.0459296246859282,-0.0287864295346854,-0.0150942618347845,-0.0372235472967336
"208",1.06616901480605,0.0433534613351518,0.0495208624318572,-1.52318673085211
"209",0.837291075210954,-0.00517787910856824,0.179884633819189,0.324705873649987
"210",-1.40774990690603,-0.0998538316462775,-0.270294022124033,-0.140801059704691
"211",0,2.32823370846466e-05,0,0
"212",2.21260939689289,0.020127252761685,0.484979789093647,0.722790033921978
"213",-0.136948040523436,0.00629794862002898,-0.030114686402773,-0.0492560250857604
"214",-1.01439902275977,0.267804573028945,0.167774500797343,-0.609319747857528
"215",-1.31192178453889,-0.0484417920976981,-0.332282194614806,-0.4996037514658
"216",-0.579032652454543,0.0561612245575158,0.0726903597723577,2.00194876210293
"217",0,2.32558316789306e-05,0,0
"218",0.501240737928424,0.0360979161539273,0.459474321855528,-0.504312765861164
"219",0.505483285317586,-0.0463057131993568,-0.283005700281482,-1.03343214856536
"220",0.0275538359248403,0.0201709630792172,0.00515396648850702,0.0215264003496028
"221",0,3.43898394878761e-05,0,0
"222",0.0912538546316346,0.107920640029601,0.0287521097443124,0.171836468798484
"223",0,-2.20626736672165e-05,0,0
"224",0,1.46094243928069e-05,0,0
"225",-0.474669317858666,-0.0157183068985432,-0.100316864370496,-0.176723672976243
"226",-0.0967055196288882,-0.0220932731849789,-0.0809078636825302,0.160920160484409
"227",-0.0531985084819958,-0.0376455572204446,-0.0207751186371077,-0.036183247531834
"228",0.992304502079281,0.0357117458970818,0.792995156736596,-0.765953131483666
"229",0,0,0,0
"230",0.0149946543436545,0.0200266669812624,0.00651315639822446,0.0128826837174116
"231",-0.261426391558631,-0.158575159544043,-0.078888775314739,0.482781468263181
"232",0,1.35849111424335e-05,0,0
"233",0.721455398578395,0.05750704021123,0.763602501319208,-0.847766789614485
"234",1.40119927257247,0.0107618375236094,0.488700604755656,0.670439381065066
"235",0,-2.17532589376455e-05,0,0
"236",-1.10170272661084,-0.103588504720647,-0.940609743398262,1.07389705812771
"237",0,3.5019358185281e-05,0,0
"238",0.598464922205519,0.00599795655131351,0.272365852872745,0.0255682795047211
"239",-0.0816020527692357,-0.0622258590749453,-0.0284349329072483,-0.0672079620222733
"240",-0.274181357247262,-0.107893423273414,-0.0697910489592262,0.860476734534909
"241",-1.43844489941757,-0.00499017985455796,-0.322886709968209,-0.783428653608273
"242",0.204158731736702,0.0401327182853511,0.0478331397318341,-0.834663218843137
"243",-0.562045205177117,0.0245663085688961,0.0289098744846693,0.96318573682676
"244",0,0.000102503081523955,0,0
"245",0.704199993128401,-0.0344525043188986,-0.0295507417660826,-1.23841628108732
"246",-1.37743771859859,-0.376930576972434,-1.16136317007926,2.84100771383383
"247",-0.30380635880345,-0.0655786824887147,-0.285808646027695,0.367119422740323
"248",0.447652232158776,0.0311331614693095,0.415914447523202,0.747421366864209
"249",0,0,0,0
"250",-0.230014206523724,-0.0245422538924116,-0.226971011173275,0.30596847585681
"251",-0.257814805147715,-0.0780601908669719,-0.0702299734250464,0.63794480519595
"252",0.0239137914613891,0.0253014022726379,0.0101362125662427,0.018076777563094
"253",0.459536332693312,-0.0258297711176318,0.243559101463358,2.09621498656318
"254",0.396080886849523,0.17973544830144,0.721717966045202,-1.11806134631895
"255",0,0,0,0
"256",0.71391753542465,-0.0144049022502696,-0.0413021780558387,-0.199963850123483
"257",-0.309652033024682,-0.0127896639087362,0.201157603984862,3.47600463121937
"258",0,2.3487426058148e-05,0,0
"259",0.0889523170800883,0.103869624007624,0.0349331515193798,0.0883529761833544
"260",-3.45881845568219,-0.346474291317202,-1.53814208588224,0.213846246213562
"261",0.282885752960444,0.034952565184162,0.00205984928730792,-0.354175541639737
"262",0,1.77640901714266e-05,0,0
"263",0,0,0,0
"264",0,-1.08882449030225e-05,0,0
"265",-1.58234244671769,-0.0529326032242891,-0.429415815889988,-0.590710647921649
"266",-0.0775514345947326,-0.0912896413951814,-0.0279700751469564,-0.081379527715999
"267",0.0452738094229404,0.0511787228886687,0.0103139589069194,0.0546673994871948
"268",-0.309815082741678,-0.271736772554885,0.332519401049195,1.6403436986181
"269",-0.0731058162030247,-0.0076590515024923,-0.0722688815724532,0.0995952716208546
"270",0,-8.37709893060498e-06,0,0
"271",0.858338052388927,0.01990249576859,0.212817133250375,0.253204319025514
"272",0.427485703769357,0.0114227436257451,0.111248503778899,0.201338869586751
"273",0.226166964428414,-0.0169780946870505,-0.0113065292433125,-0.429192217963217
"274",0,2.12553623879696e-05,0,0
"275",-0.320287958690509,0.0138733082748668,0.0159632177736531,0.594194618361332
"276",0.720104819389692,0.04778182486329,0.594995386321028,-0.96349793726964
"277",0.440381996139604,0.12661137900586,0.129486013799897,-0.915945704468253
"278",0,9.74825393643604e-05,0,0
"279",0,0,0,0
"280",-0.360489549598947,-0.10122887763837,-0.0986735961689699,-0.228306363304836
"281",0,1.99078956707342e-05,0,0
"282",0.615266739455404,0.0494532646465643,0.608756817220337,-0.80061968535436
"283",-1.73259778328616,-0.163485511284784,-0.0468572628699909,3.63520864083348
"284",0.0761373600340675,-0.00114365836180495,0.0871660052669316,-0.125898282893462
"285",0.721197729461444,0.0896123445487942,0.714527018457698,-0.992521053992513
"286",0,2.31235533723143e-05,0,0
"287",0,-7.20965811533956e-05,0,0
"288",-1.11674984138424,-0.159917288918244,-0.260855082118138,1.29589026199152
"289",-0.766953153063502,-0.0200850103644169,-0.194531169664256,-0.250272353428053
"290",-0.605816062434389,0.0278798471243283,0.026703116587882,0.987431604232325
"291",0.0539763040106977,-0.00638581673654679,-0.270547157617225,-0.112750732158668
"292",-0.512631447917075,-0.0101472876793745,-0.319213544339565,1.52460865233865
"293",-1.24490179837991,-0.201577854276084,-1.19846919853958,1.72622840419325
"294",-0.510260080883988,-0.279401932495062,-0.0629261528916163,2.02938746689269
"295",0.737073658671364,0.230260967975882,0.198412172515064,-1.58259679245487
"296",0.465312935468699,0.011702108170734,0.146328022052672,0.314503497974516
"297",-1.09734618064795,-0.116075705732493,-1.16088478145975,1.36302766093721
"298",-0.0753206093118884,0.113479082249017,0.88782718355625,-1.45828890268049
"299",0.145708883783909,0.16329758498478,0.0428737531320033,0.125973763853245
"300",0.705069792101375,0.0188853504417461,0.477698319713589,-0.408174656603225
"301",1.24895166549609,0.00856172347068766,0.46548524805025,0.97424174263768
"302",-1.62646164915789,-0.0204650335240677,-0.520696138574617,-0.0912578958076993
"303",-1.28473140391983,0.103255788606152,-0.130220920566437,0.75789362948685
"304",-1.4969043810794,-0.14540283191481,-0.130258116220414,3.39847624808772
"305",-0.551523741602606,-0.0442997386049702,-0.541492561806369,0.714909860624284
"306",0.217561156587152,0.124981020720813,0.142741253724462,0.0215964925531213
"307",0,-8.29844951352346e-05,0,0
"308",-1.63641587255006,-0.0417038575715868,-0.382903448785269,-0.659596768783949
"309",-1.08148389417626,-0.179368048781869,-0.32871611533703,1.26755337881378
"310",0.232449121958419,0.0822690144059613,0.0542108135708312,-0.626982326226038
"311",-0.696221880929431,-0.271848538650199,-0.51160684976903,0.307581099249395
"312",0.259595589235369,0.11535727362205,0.0555962526567895,-0.771420120925309
"313",0,2.8319304657997e-05,0,0
"314",-1.09045528642908,-0.177037306087017,-0.863896068752839,1.86471015587875
"315",0.15295561595771,-0.0445316421931509,-0.43715349316866,1.01466929001121
"316",0.0657489346148573,0.0066672120436246,0.0136610477858984,0.0153082378878831
"317",0.225289816228447,-0.0143760909148262,0.0572540871067176,0.370514167010706
"318",0.0323309339443543,0.0280698628102184,-0.0365645635466276,-0.19863652017538
"319",1.09959989929818,-0.0629624840927697,-0.0886649306592601,-1.78312642821016
"320",0.371479035042373,-0.0200980036704728,-0.0293917152878487,-0.711649826307572
"321",0,0,0,0
"322",1.05526151458224,0.113120446042882,1.04080364989327,-1.34761919196529
"323",-1.3267360200658,-0.0259415031056737,-0.27118663471854,-0.554442089898471
"324",0,-1.7832560049273e-05,0,0
"325",0.150011687403324,-0.00764458778113704,-0.00796198796838484,-0.258422777871553
"326",-0.79445667634833,-0.162711385474462,-0.578963916556701,0.5545704657864
"327",-0.462423953309428,-0.167022103060559,-0.11751516041093,1.2593091977008
"328",0.141792418669591,0.0277140067700329,0.0305232351219533,-0.296690246594444
"329",-0.618251755081909,-0.0354188842313807,-0.410294914583075,0.372587069912335
"330",0,0.000107406117371134,0,0
"331",0.174089229849049,-0.0101619707705308,-0.00753009064446388,-0.291484269756897
"332",0,0,0,0
"333",0,-9.23497873492439e-05,0,0
"334",-0.618701251503929,-0.241616512688182,-0.132839669093872,1.74295092863571
"335",0,0,0,0
"336",-0.0331310245266288,0.0578446771102502,0.019313513252922,0.170588202589676
"337",0.298239826128778,0.0273124306550169,-0.00314364082726115,-0.463618433244592
"338",0.117116837255091,-0.00842078827780282,-0.00686194596679174,-0.193680316946257
"339",0,-5.05330844921102e-05,0,0
"340",0.64647693752125,0.0175832153521866,0.193865680193906,0.516705413501687
"341",-1.19855217346874,0.063204375820715,0.0632061835519573,1.99028074050973
"342",0,-3.12213453628927e-05,0,0
"343",-1.01214532956398,0.0382280940337811,0.0528204022773839,1.66963167305337
"344",-0.267102638898554,-0.0101384953481173,-0.0595157898162753,-0.0788837081572253
"345",0.0487356586870508,-0.00214857238476989,-0.00303409495460279,-0.0737221874320244
"346",0.821614829291734,0.112981999673353,0.808736016280926,-1.15435243613441
"347",0,-2.41066683456497e-05,0,0
"348",0.848555557634328,0.0238052545452873,0.202042458523502,0.282585330120063
"349",-0.597739532676779,-0.155957277474102,-0.324824151607131,1.30001327794945
"350",0.0143613895034692,0.00466575668607759,0.0067272530654093,-0.0324957881653549
"351",0.74249197249823,0.00722357579809929,0.167248241142855,1.14486920545227
"352",-1.3633503082437,-0.0929675035103898,-0.384249212490818,-0.887101871744411
"353",-0.0711703318057626,0.0276075442779331,0.0147185614674573,0.0578156308435711
"354",0.981091743282085,0.0122616998651427,0.357967885970535,0.66768568609322
"355",1.46256962572267,0.0391393687965476,1.01786061894528,-1.7732006016264
"356",0,-3.95779866547731e-06,0,0
"357",0.121187354350902,-0.0067437535594743,-0.0105924123147707,-0.203162702143372
"358",0.27025083666958,0.00773310068800022,0.0763794375856139,0.0795018435754778
"359",0.468258670934165,0.0131160369797242,0.428025704516538,-0.607823578358706
"360",0.537725121593769,-0.0281336279289556,-0.034124630993374,-0.852603408911549
"361",0.0545984204541512,0.0440024748453427,0.0153142211411683,0.0440260048835902
"362",0,0,0,0
"363",0.485522560274062,0.0233736535056211,-0.16730884503732,-0.908266161851756
"364",0,2.43357097736239e-05,0,0
"365",0.407335522949342,0.0172423984936116,0.146592560547368,-0.197120914017916
"366",-0.309850141106919,-0.0100412780504166,-0.0657707872514673,-0.124435482147508
"367",0.813438682058494,-0.0462865639630173,-0.0664199056912999,-1.41115396134815
"368",0.864357392623145,-0.128673335137411,-0.698909040173432,-1.95191274949869
"369",0.6075513973834,0.210505074892647,0.122539745807356,-1.55031119779225
"370",-0.0117255372807006,-0.00204751021359135,-0.00515600289104116,0.0323002724886418
"371",0,1.95925121289476e-05,0,0
"372",0.398793225056755,-0.0137826119192156,-0.027847693568149,-0.592553507449055
"373",0.108063102840862,0.097133329168338,0.0431285055279907,0.0956514773286923
"374",0.0121706168420016,-0.261381760379751,-0.19586990383316,0.67978063300561
"375",0,0.000205882793493343,0,0
"376",-0.382616173714641,0.021496470068115,0.0182579743900215,0.620536803535662
"377",-0.375930958216248,-0.00775091299673959,-0.0870587144105229,-0.1330576854435
"378",-1.41945283622427,-0.0847298409991432,-0.181796336858669,1.24658003579446
"379",0.0379552053946385,0.00744152113682618,0.0178064598740353,-0.407289648726871
"380",-0.955572494324163,-0.0604991493942702,-0.649373104013925,0.645297230493661
"381",0.203900946447179,0.0762069584173528,0.0591393023927177,-0.644894480806324
"382",-0.449498967258997,-0.137783868007413,-0.148128905961356,1.1825264582992
"383",0.271462521783594,0.0176418106588231,0.269593875720729,-0.352940548224771
"384",0,-2.5668806068383e-06,0,0
"385",-0.840927720669715,-0.286472596291341,-0.268588140055392,2.17333367074962
"386",0,3.78931429220342e-05,0,0
"387",-1.18383298272564,0.0602155414310823,0.0977986803790185,2.11812913169674
"388",0,-5.48383979811573e-06,0,0
"389",0.205314792375378,-0.0753077389435727,-0.40751342957633,-0.510463635645745
"390",0.539106141350281,0.0619787835259748,0.385964247558884,-0.33987809177468
"391",0.0114211866256038,0.0110688023832588,0.00292238817317671,0.0123586828617243
"392",-0.284383789085552,-0.15117465072729,-0.0604508869554655,1.4499129604844
"393",0,0,0,0
"394",-0.649560707366829,-0.0360846233784736,-0.343120430352691,0.0594443556851459
"395",-0.141461915061006,-0.113821966352325,-0.781774041255985,0.336759289221067
"396",-0.699761902009206,-0.0824329810005088,-0.691049271736426,0.959163445992494
"397",0.322666286972996,-0.0190075883131627,-0.0167480516329775,-0.645805456381755
"398",0.446516965684534,-0.017652812212773,-0.0340830163688857,-0.651730321232304
"399",0,2.27663442756371e-05,0,0
"400",-0.662856770018099,0.108422668164476,0.0415560649457427,1.17585883701352
"401",0.31891498333187,0.0438029550241782,0.0679317586655453,-0.133548005001854
"402",0,7.88844727026619e-05,0,0
"403",-1.03984567741441,-0.160121122268261,-1.02340721361277,1.51851602966243
"404",0.327040910595457,-0.0487201791640547,0.087723685886938,0.507902027004707
"405",-1.03705433704217,-0.313941061777288,-0.31876423264451,2.63803035650898
"406",1.46217926380757,0.121355745113838,1.10958574568995,-1.22966281862804
"407",-0.859172156579252,-0.0646551690053968,-0.823317774721097,1.0530807230981
"408",-0.0862183531877324,-0.0632010719067463,0.0872510719942481,0.694594494998745
"409",0.141059105309114,0.0111459200181208,0.0357869205637857,-0.135144512350922
"410",-0.32895198774044,0.0117790814129667,0.0181969082109697,0.526678300445524
"411",-1.23015090226509,-0.041965303744828,-0.29013275598849,-0.593719606918434
"412",-1.36327018318538,-0.0470600932065285,-0.986973194375879,1.83989698704673
"413",0.463546048862423,-0.133315286993187,-0.0606451875658139,-1.12930663315019
"414",-0.0597965854526936,-0.0696802998994038,-0.0175316226365145,-0.0586198348402099
"415",0.0274905777436879,-0.00145866040536694,-0.0018593025989472,-0.0556955664928971
"416",0.312060860684622,0.119097589229561,0.0920956997063479,-0.822486833400923
"417",0.634709126708869,0.0119125519224186,0.174741638162761,0.29270059711037
"418",1.10394539190206,0.052555519943187,0.3116241300745,-0.0670625970073228
"419",0.622566678437376,0.0341391097027111,0.00710215009140776,-1.18196888979522
"420",0.168316033239303,0.00394534853490576,0.0597936774202158,0.0801869280878632
"421",0,-2.23865091000898e-05,0,0
"422",-0.111384024215663,-0.0729919879590729,-0.0192152953706008,-0.183953834665147
"423",0.239179810005879,0.0276080686233878,0.224475170923512,-0.308913347893103
"424",0.173116410726918,0.0923110834236929,-0.0255970169903933,-0.597533553525304
"425",-0.433527660449026,-0.01952409167543,-0.100985586658672,1.87984553080454
"426",-0.0937707674747595,-0.0304094887950468,-0.0330853290579594,0.230272540340193
"427",0.116864135920552,0.0469427813936008,0.0444826310516862,-1.02260329703359
"428",0.284366245059755,0.0127532652114485,0.412231493651811,0.0705098843412461
"429",-0.284700888387923,0.112002620787924,0.143099316506502,0.151478833392303
"430",-1.03123263112507,0.0114536871384127,-1.09119755222079,1.70721777572601
"431",0.129706965122894,-0.0254120869689184,-0.0880433660595015,-0.622946381514133
"432",-0.150078882649379,-0.0442376312449076,-0.574553840026402,1.15061518567561
"433",0.0316315770207971,0.0365969316423879,0.0140009749412803,0.0284813257634423
"434",-0.231660731417925,-0.0676068574657709,-0.0669580720809833,0.91364870221871
"435",0.32527224046112,0.0343129150848719,0.320749465268414,-0.446678815759905
"436",-0.13031686575961,-0.00241463920620283,-0.0226960602224188,-0.0394893097210878
"437",-0.77271354213002,-0.0281532360216667,-0.238872542624338,-0.204485345099864
"438",0.0227795429267455,-0.0743048609826944,0.133784389220535,0.586212254558281
"439",0,0,0,0
"440",0.324288487410378,0.0247670042219563,0.316829249798541,-0.404619097642546
"441",0,0,0,0
"442",-0.254641122292877,-0.148823052181927,0.0755114395313772,0.880866936799338
"443",0.216948859535952,-0.00533526348787171,-0.00972725497846155,-0.343609902995754
"444",0.30322668564052,0.133595976306271,0.265984678571566,0.276557670562109
"445",0.460241183469317,-0.0267042477633161,-0.0235585223092825,-0.755780434567346
"446",-0.77407305639902,-0.0636924936921407,-0.2095290883972,0.147008560948387
"447",0.926922282348082,-0.121290405082877,0.177385375791733,0.184741716260501
"448",0.291521243143389,0.0176917998275496,0.285823962265832,-0.364957103777557
"449",-0.137434044578545,-0.0431702927171785,-0.043952980452167,0.397502698913435
"450",0.117383509050479,0.291597420569927,-0.534916222029917,-3.02417961514128
"451",0.266938179055752,0.0431214720012259,0.263347401975077,-0.371453632590994
"452",0.673367108378879,0.0353591687216337,0.24786976082728,-0.275078289320727
"453",0.619239458637169,-0.0191372166720974,-0.0556226117995413,-1.08275904809672
"454",-0.139007369859092,0.00650837609887804,-0.208292169027078,0.0476023285415453
"455",-0.454846820058604,0.03254847268456,0.0155276172479296,1.06925814084455
"456",0.683137152160783,0.00897668218397854,0.238805519130057,0.551576834850782
"457",0,-2.39598962258834e-05,0,0
"458",0,5.0092411544522e-05,0,0
"459",1.38080931576401,0.174506426669124,0.00106638486680296,-1.77690093904
"460",0.686584231883393,0.178249063124106,0.236008922889395,0.248313473751797
"461",-0.0918491821288878,0.00953756036796608,0.402572903417922,0.163988591230798
"462",-0.0332850186670611,-0.0174428385883401,-0.0120891984332442,0.098410655694471
"463",-0.640892911051533,-0.339419821609459,-0.283316465885271,2.03579449765508
"464",-0.0841851531992388,-0.0353644050293936,-0.0243327033787731,-0.0573053854572719
"465",0,0,0,0
"466",-0.210302210275268,-0.088962571681663,-0.0493071551355488,0.633637425272047
"467",-0.10277279237099,0.0380082114117596,-0.0266838071083292,0.579836695745654
"468",-1.95639871748766,-0.287906164429959,-0.995111080945361,3.81024420891484
"469",0.0809162511250038,0.0853121268673811,0.0318726948409605,0.0747830664178475
"470",-0.315189702118257,-0.0402916182184148,-0.307400935618297,0.430507366284513
"471",1.13404813542514,0.0261654295220372,0.253916517213278,0.462188468593172
"472",0.675779288780255,-0.0709230075679875,-0.0485606305486635,-1.28299756240584
"473",0,0,0,0
"474",0.793026275664111,-0.0642988398178312,0.613860575738952,-1.45830677461385
"475",0,0,0,0
"476",0,2.55560668584533e-05,0,0
"477",0,3.58563820925498e-05,0,0
"478",0.128719122054505,0.0560363022106453,0.0410008847335658,-0.385138290518564
"479",0.0541172438559239,0.059024523965617,0.0128432557369884,0.056195867103915
"480",-0.202447810154245,-0.0254814393553918,-0.0477327794178296,1.00286289971193
"481",-0.708668219729171,-0.0103470902412527,-0.738809011252171,1.06006078898799
"482",0.376256894033476,0.0102791620712889,0.0944741068113191,0.116265186083895
"483",0,2.80126626371569e-05,0,0
"484",-0.291116041524019,0.0448631184857919,0.36482890482545,-1.2583187425675
"485",-0.399573438907481,-0.0831786249667723,-0.0643031724772913,1.04421213564268
"486",-0.0462902181334368,-0.119562932942543,0.171023817145489,1.06116224883393
"487",-0.226611859797044,0.00316919828413716,-0.0451432061131363,1.43444640448629
"488",-0.199896025216824,-0.111694481840912,-0.797976214381981,0.0354526233353001
"489",-0.682328033779904,0.0267959273396095,0.0364077113304721,1.14171347947303
"490",0.026472739194566,0.0702160718516344,0.0128561716136938,0.392476290146848
"491",0.12280189235922,-0.117502388085395,0.0374623118407153,-0.056432089875902
"492",-0.0311987625873124,-0.0484291066820964,-0.0107472156258471,-0.046940870643617
"493",-1.30988122753363,-0.108036084557772,-1.29607130188587,1.76065646009984
"494",0,-1.82002762974028e-05,0,0
"495",0,0,0,0
"496",-0.560736137867617,-0.222068161208494,-0.172765700173523,1.52131597410986
"497",0.053387950680497,-0.00470192507313662,-0.0042691963536991,-0.0871658318218473
"498",0.827519633581112,0.252242032561817,0.195400542366991,-2.48327021508904
"499",-0.511191133400214,-0.0596599049568949,-0.420410589593956,1.11089460496344
"500",-0.0741161291112921,-0.0726749811578215,-0.0178347046270523,-0.0724395242174508
"501",-1.08997501954246,0.0378436315599692,-0.0641548265942448,-0.0791133476934558
"502",0,0,0,0
"503",0.129542622796627,0.0111953658517716,0.125068133343664,-0.18875847180417
"504",0,0,0,0
"505",-0.542522521928703,-0.145276164345595,-0.157447693862565,1.2448836943576
"506",-0.213752335207644,0.0138158845867259,0.237184454617345,-2.13527896536849
"507",-0.00101220673574486,0.0210687518362727,0.00793463282645444,0.0449744955581184
"508",-1.58451117125978,0.080738520760657,0.532499272368915,0.287980131422657
"509",-0.615212870942514,-0.0455616498705137,-0.122463031832949,0.118624019124148
"510",0.467472876173484,0.231522031492672,0.0293883588899024,-1.84169894568118
"511",-1.88600918882231,-0.112649144332065,-1.10492172539728,0.869626979954445
"512",0,5.2817400027031e-05,0,0
"513",0.00383544320176753,0.078777503620243,-0.201812074511754,-0.410206075251536
"514",-2.34025229589068,0.0378315931754036,-0.221440569125337,1.55816253701436
"515",-0.042833991724325,0.22746146048536,0.179297134592624,-0.428385255746824
"516",-0.52752701710915,-0.315374811853829,-0.146655182172748,1.87315788309514
"517",-0.790868457194593,-0.0717503716562875,-0.775600612258733,1.01191677011703
"518",-0.179410270889353,0.0517337093295301,-0.381963012143765,-0.0487274288785854
"519",0,-2.18507383708649e-05,0,0
"520",-0.0459776142457545,0.0545403836532402,-0.0638881775078443,0.145307510213707
"521",-0.0831031082468834,0.0175934660228893,-0.10495592548774,0.164559000820886
"522",-0.556439069311018,-0.030781923501842,-0.157271307679983,-0.482699105623131
"523",0.277299668503971,-0.198025965723509,-0.226370244560224,-0.959007865272667
"524",0.252377868727832,-0.0129331695317415,0.275798227880502,-0.451256305358777
"525",0,1.5049519858553e-05,0,0
"526",0,-2.07392078492162e-05,0,0
"527",0.453898481894315,0.00820524400887678,0.102144691723475,0.179085605103932
"528",0.039152839685455,0.0471142912595409,0.0111864318478832,0.0795417409137554
"529",0,-1.27422553232391e-05,0,0
"530",0,1.20857189622965e-05,0,0
"531",-0.0845920620312701,-0.0313793502149311,-0.0231418033913543,0.251067779042701
"532",0.0915364236814584,-0.0041150161970656,-0.00454933889853825,-0.151051049222452
"533",0.768858811939857,-0.0161357148358647,-0.0569927971806453,-1.10006958319058
"534",0,-3.44180590567122e-06,0,0
"535",-0.538502735910904,-0.233445066813097,-0.170286528267179,1.17461248033366
"536",0,6.55756673215185e-05,0,0
"537",0.820045320437343,0.265213236314445,0.202091479584477,-2.12308030372653
"538",0,0,0,0
"539",-0.801428678317961,-0.0873371135526043,-0.931773512695023,1.3823466280854
"540",-1.27158884572732,-0.226424276944251,-0.612391423285874,0.224223119577519
"541",-0.0186387243077238,-0.0108717102161916,-0.619522031992881,1.41837922951505
"542",-1.25848222972291,-0.359170338889125,-0.295992657823529,3.02705096720775
"543",-1.0150224505992,-0.150364857403157,-0.999371742059121,1.34099541618108
"544",0.264344647321134,0.0517927159520724,0.0852169695249635,-0.541247892493198
"545",0.0305056613344512,0.00171702752023227,0.00345111080457469,0.00898936397227548
"546",0.614947121266754,0.128863172243884,1.06230533392179,-0.176000819892969
"547",0.243188012081867,0.0201854644694325,0.239199999998406,-0.315331945902592
"548",-0.215174923325387,0.0125768188034233,0.0103201090868684,0.351541853854835
"549",0.26358761309761,-0.0150348208324178,-0.0150343187038476,-0.493017852785985
"550",-0.633436982718141,0.270658143800937,-0.0558770388525905,0.260090811204232
"551",0.502229126831725,0.052661400548053,0.142468983710643,0.236999914881415
"552",-0.152786743328539,-0.0297542543463153,-0.00509038254794038,0.152215299946676
"553",0.60455212891195,0.111256204488972,0.55533786174087,-0.590204486803138
"554",0.419414572178485,0.182698125086236,0.112454460378662,-1.27762155061607
"555",-0.274234819719212,-0.0842355361695671,-0.079337167493153,0.716523763470109
"556",-0.589320507397511,-0.0801787388057643,0.224882956133879,0.76985035495358
"557",0,-2.13232689302969e-05,0,0
"558",0.736211411125232,-0.00202704790548635,-0.0252797916775392,1.05692213906724
"559",0.237062929458831,0.0865685568219517,0.195092765103234,-0.178476244024823
"560",-0.688211851238779,-0.296937496641345,-0.221019450553785,1.41072425899511
"561",0,1.08616837533269e-05,0,0
"562",1.07104949629246,0.0638448413822867,1.12203887989198,-1.2069041106134
"563",-0.932576482239916,-0.000680072120772126,-0.266523313327228,0.22344432293683
"564",0.317599082265786,-0.14569999673964,0.0802277827627758,0.0216753838487974
"565",-0.176738421329449,-0.320364749913533,0.0859541983757061,-0.0887894688464301
"566",-0.124541572649897,0.0760560724802014,0.26653081861137,1.44857467617837
"567",0.339303398914521,0.0461604114902137,0.331464892939426,-0.447482358929996
"568",1.22165234593681,0.0996926559233886,0.057354641637627,-2.70541200478723
"569",-1.78642889659009,-0.330866749814468,-1.60925675867105,1.88986488577465
"570",-1.18317947542909,-0.0827654912756865,-0.360239889008003,0.251777323034195
"571",-0.200680100671925,-0.0261011644310634,-0.196466830654843,0.284419837524757
"572",-0.351427611478707,0.0381784085138662,-0.00479271868628886,0.166290688365123
"573",0.15785048915967,0.00354964300064889,0.0526291450012818,0.0448763967116544
"574",0.49021636636747,0.047795170125465,0.480405218761187,-0.640284792633164
"575",0.953306134847751,0.177281029481643,0.758042248577789,-1.67106367678976
"576",-0.596041368286235,-0.0200872728788682,-0.379841695510899,0.858684321145005
"577",-1.49549562599862,-0.0536481491121062,-0.398530099390863,-0.584919244089468
"578",0,7.30125221591863e-05,0,0
"579",0.0861799611938102,-0.0256389153356252,0.0208899069029441,0.333544571045556
"580",-0.143450999158195,-0.00475876266173596,-0.0395840820696793,-0.0538712307903115
"581",-0.0902296478916455,-0.110713205792898,-0.0316210975048005,-0.138059235045435
"582",0.598523819366821,0.0419103555351987,0.585134928834819,-0.75077993537656
"583",-0.0465849862815795,0.127250319819247,-0.126390442019393,0.328916165408809
"584",-0.982862730770044,-0.134297688503081,-0.203313195376376,0.149800473564875
"585",0.647002736979019,0.0500526741567486,0.638989901164107,-0.790476174253562
"586",0.22540481806095,-0.0096559624811083,-0.00862682414165924,-0.319043047257575
"587",-0.00974301238412815,-0.0170301711843521,-0.00403779220077548,-0.0188760638751855
"588",-0.409883627076106,-0.0827907160442723,-0.00634645609122516,0.491790059352467
"589",0.249689691405865,0.130758833748738,0.0595836119733629,-0.600688885064699
"590",0,-1.31323831063672e-05,0,0
"591",0.146753475141584,-0.00273509291045885,0.0261689309713233,-0.228001299610057
"592",-0.443544674670169,0.0161052543304378,-0.102535403998937,-0.461126262060545
"593",1.01546674397832,-0.0216637488213531,0.304694926087256,0.434584649562059
"594",-0.0597508398683516,-0.0263217339942224,-0.015635436954088,0.169494173209886
"595",0,2.78031986673247e-05,0,0
"596",-0.192527406129933,0.174499297571635,-0.0363115506553844,-1.65264115348555
"597",1.23066671976737,0.0645470373312703,1.22309945018009,-1.45320101697429
"598",0.104640282204537,0.128923959644894,0.0331046550198899,0.0936708554632004
"599",-0.130159342395385,-0.15849433057031,-0.0308412720988391,-0.152516681975924
"600",0,0.000126185793559746,0,0
"601",0.679813772375252,0.258262063615647,0.17832859073844,-1.94377053412609
"602",0,3.5365905863491e-06,0,0
"603",0,5.38272736988966e-06,0,0
"604",1.61498473109483,0.130013814988446,0.179414926891751,-2.25509563141152
"605",-0.723442202470665,-0.265242604528727,-0.238897777192802,1.89351474986189
"606",0,2.67700147347317e-05,0,0
"607",0.00229652905982284,0.00238976776134519,0.0015226633391749,0.000558613446117103
"608",-0.0963547861843004,-0.0151109336122018,-0.0956945972304057,0.140601255894435
"609",-0.131484411610264,0.0996775063694241,-0.0421877456218306,0.970338581420133
"610",1.57888689697498,0.0443580396754892,0.429968439761678,-0.620741647228265
"611",-0.230461147854691,0.0150704791652692,0.0179061597889298,0.40890811707206
"612",0.529802921621869,0.113442024632192,0.298186711796428,-1.02745918607359
"613",0,0,0,0
"614",0.964751776052004,-0.0463887621884422,-0.0584840830351046,-1.66648639608863
"615",0,0,0,0
"616",0,0.000121757385350467,0,0
"617",-0.24634269292717,-0.0534855688424503,-0.0402860021590204,0.585118504359548
"618",-0.00212118336005504,0.00108537438189908,0.00104855906381173,0.00286584584025429
"619",0.782578689560178,0.103890139933091,0.279899212667221,-1.41223589842187
"620",-0.922350693818052,-0.0355318067760316,-0.381731755093722,-0.019506075840863
"621",0,6.64890158512225e-05,0,0
"622",0,0,0,0
"623",0.0825426876869264,0.0801092345060526,0.0307560382516902,0.0794967189207741
"624",-0.80508472692947,-0.0127357050689473,-0.190218173324316,-0.276379297351501
"625",0.00980617446035041,0.0026596195419709,0.0056887603855818,0.0020672005268209
"626",-0.0750851135247289,-0.00349696957167211,-0.0153555541049131,-0.028316307390012
"627",0,0.000227424002510803,0,0
"628",0.899589922594243,0.0495352996886736,0.889608696622074,-1.06480755301548
"629",0.62360482571622,0.0666143941663319,0.392162743569111,-0.533000229140293
"630",-0.235206994426001,-0.028485274021469,-0.2278505939009,0.311789677170272
"631",0.0379722367420721,0.00134756526587154,0.00774433098955021,0.0143686557774547
"632",-0.480032497930326,0.0908289146322459,0.218041982807213,1.25188573443526
"633",0.285451688009859,0.0819887867838536,0.0864155122806922,-0.66457048203567
"634",0.496395223363032,-0.00520466435380363,-0.0407401746236825,0.55239212366557
"635",0.00859760949329005,-0.0286996133471108,-0.037510396716358,0.177219447355976
"636",0,2.61028285211853e-05,0,0
"637",0.102982692070743,0.0511734535054797,0.0895152635160242,-0.0880354820945296
"638",0.105536660984854,0.107121708298285,0.0274089070002321,0.130312458790231
"639",0.631679065844732,0.0733823554781587,0.610478856707618,-0.760431593877524
"640",1.94803040801236,-0.0891618321280453,0.487497914681001,-0.251118088874232
"641",-0.401006864243366,-0.010174824734302,-0.0986287771745382,-0.179155965691602
"642",0.795237307127318,0.0313665804008264,0.254211222256851,0.805783147192307
"643",-0.433802591320013,-0.201016529002266,0.122616126465474,1.63811402654648
"644",0.0383938350943753,0.0630574676053301,0.0172156766577105,0.0440299465557727
"645",-0.960560280653234,-0.290558337055195,-0.26534013174263,2.38690482698819
"646",0.330197022217827,0.0766945126896561,0.093279191283122,-0.665004286337619
"647",-0.244015624693003,-0.149627081699599,0.00196227520527932,1.69926020249761
"648",-0.728255880228681,-0.842569572624673,-0.535900839440057,-0.146758004758119
"649",-0.0663896400029586,-0.197278326438799,0.384547074582077,1.15039917131295
"650",-0.0624892193117173,-0.00603249250071195,-0.061067068651567,0.0877063696647632
"651",0.277002972392264,0.0379854486590572,0.271681297159421,-0.386535025495952
"652",0.118872086785787,0.015166651265355,0.199811383747323,-0.26573541181356
"653",0,-2.34561789107336e-05,0,0
"654",-2.16862329312054,-0.274867036169632,-0.378850954246574,1.69055357945708
"655",-0.0985191954286426,-0.226623149993416,-0.0359634784282751,-0.190828102996642
"656",0,-2.29842235645656e-05,0,0
"657",0.399280556403855,-0.0197548742963317,-0.0336440174289362,-0.745239453155324
"658",0,0,0,0
"659",-0.227520861489521,-0.14293715716177,-0.0613491031058935,0.143261863085755
"660",0.782211318166812,0.330501732574254,0.237580996468622,-2.51634593393744
"661",-0.201192929597162,-0.218051850636363,-0.0494419979674713,-0.203229276132353
"662",-0.04541033491179,-0.0792294505400736,-0.0145790848681069,-0.110587512238541
"663",0.505249352974768,-0.0650287965704894,-0.0281789293072559,-1.0502189872897
"664",0.700452558954036,0.0804849894727385,0.691927164179009,-0.886191218613012
"665",-0.159651370146163,0.126910874503747,0.114980575766971,-0.071962211473127
"666",0.0966295487874054,0.0118689614445626,0.0958808106128253,-0.140454444511911
"667",0.27309548972297,-0.00879731610589461,0.100566372444354,-0.407683662770481
"668",-0.425843876745876,0.0689650294924841,0.0888445558205231,0.555413855213249
"669",0.0301393748335599,0.0280283745451751,0.00592278989096421,0.0227402896833088
"670",-1.1003885830923,-0.0280423881607677,-0.393167828652695,-1.36745935234065
"671",-0.600070162450109,-0.348988891251503,-0.118728202563568,2.25984251177461
"672",0.604277303433067,-0.248665539672759,0.135087005224498,2.28494964905351
"673",-0.202458522364737,-0.011707809511586,-0.196766934562482,0.260751451928025
"674",0.0184530741933622,0.0221632634363592,-0.0438635185935715,-0.159914034593323
"675",-1.66205609959997,-0.232810520282435,-0.0771118154608217,3.84832211064393
"676",0,0,0,0
"677",-0.196563906731118,0.00801109468928647,0.00919767181405511,0.351830076637905
"678",0.031104976805505,0.0523132060738264,0.0119468257545931,0.0428430775256481
"679",0.014447884380204,0.0275335879959113,-0.0877941157509911,-0.253844421955568
"680",-0.0668929692208108,-0.00485417087836632,-0.0648657718257798,0.103706996198743
"681",-0.0188909231593735,-0.00451868046593034,-0.0144583216333222,0.0264346438381404
"682",0,-2.99364786369283e-05,0,0
"683",0.552157079252382,-0.0318867589067915,-0.0238132907026617,-1.0455305665084
"684",0.817173738984908,-0.030739950422999,-0.0431419421961551,-1.1486694447984
"685",0.222098311492905,0.00233973580806226,0.0531284022442826,0.0941035140916198
"686",-1.05526915629154,0.0505230688442699,0.0395998865852574,1.71474640669754
"687",-0.338098439094833,0.0682519743926013,-0.0743531950571226,-0.0589293163889552
"688",0.0481020613388728,0.0488874973836972,0.0146262759062375,0.0670223336688615
"689",-0.0614315760563232,-0.0566885679428155,-0.0164561224039634,-0.0317318725972059
"690",0,0.000242592001662141,0,0
"691",0.815568707724362,-0.00773270044574216,0.180463400906467,-1.60765216129653
"692",0,0,0,0
"693",0.164022926325258,0.0160763006050784,0.158908637568065,-0.218264804502054
"694",0.3673047504038,0.143560761198788,0.103897817406424,-1.09319122457702
"695",0.502465986204698,0.0152029657760278,0.144437249978163,0.280152986546495
"696",0.343315441723058,0.0430557537402301,0.00894335753873759,-0.521559090141777
"697",0,2.20658767740061e-05,0,0
"698",0.707899893085779,-0.0597534837023912,-0.0858770123705926,-1.02370139665519
"699",-0.102219344016258,-0.0232776460611723,-0.0301608198181201,0.253171147350092
"700",-0.947750729219857,-0.0184380338394745,-0.270894678810303,-0.378122739757556
"701",-0.988957182436126,-0.239360653706436,-0.794281591093612,1.48293341718881
"702",0.0840665134573759,0.089999823875045,0.0265849320326768,0.0958214237890206
"703",-1.08384508836604,-0.188506926465678,-0.1654421338373,3.01524032926915
"704",-2.05151880659583,-0.028677226551727,-0.806476974269616,1.98153168090164
"705",0.676249990379346,0.0205618862755077,0.710893601246471,-0.733523134507621
"706",-0.289427282627885,-0.112483665087803,-0.250718178162195,0.375012319551417
"707",0.0510764662548425,0.173922493407901,-0.0718333399687106,0.360630372604417
"708",0.508400215051232,-0.0998850161700722,-0.256982270305026,-2.06970135583954
"709",-1.16711962657034,-0.0229783180567563,-0.29194170095552,-0.5625028425376
"710",-1.60886303310253,-0.0818661221035505,-0.971362464376235,2.97389162740644
"711",0,-4.5370734586509e-05,0,0
"712",1.30538438689853,0.0193267525358062,0.493640667645827,-0.595171825594907
"713",1.03494823030455,0.053227126350937,0.0462915980783247,-1.49256990018131
"714",1.08071155189619,-0.115076171486173,0.0820777292692209,-0.700834188705197
"715",-0.201220495911015,0.0441488329089636,0.0227387382222858,0.449973687175841
"716",0.471429243812869,0.165826403122172,0.147563005452996,-1.13797156753324
"717",0.248052308630614,0.0052907003559758,0.0561347410329273,0.0722291661101907
"718",0.154078009990838,-0.00632369188367394,-0.0124966821193541,-0.303912987878421
"719",-0.0373363803690467,-0.0468759358157531,0.0620819807404477,0.220502046032345
"720",0.523456617960052,-0.0114157381706871,-0.0252275304487313,-0.958272881426272
"721",-0.201868824680668,0.194987686635954,0.0639944542414509,0.664424926332919
"722",0.106794394798026,-0.158243448071723,0.209792376257804,-0.50105405883507
"723",-0.00662881996969223,-0.00313304350715006,-0.00333343959355113,-0.00231404472541837
"724",-1.5186659689077,-0.0320700731682428,-0.576226971237293,2.29950567852665
"725",2.36951235160361,-0.0214029065670055,0.160350358299409,-2.32106141418118
"726",0,-2.21424108685678e-05,0,0
"727",0.103305612528958,0.0935054864403481,0.0261450697402739,0.116608483126163
"728",-2.25302613269864,-0.252251541818962,-0.879957128015866,1.63871417827977
"729",-0.0809014139689239,-0.10171154876725,-0.0191994589849047,-0.0976266933431603
"730",0.0738450829632923,-0.0265147094873903,-0.115850334093655,-0.168858595737071
"731",-0.0979970396931076,-0.0786551589175359,-0.024213106823611,-0.103958954685315
"732",0.974663380526582,0.014678851875612,0.257535003980195,0.362265729828838
"733",0.297289990019459,-0.146321270760458,0.0177369090652871,1.75864952192576
"734",-0.367623255576787,-0.0262872344303899,-0.361049589562827,0.489640628918629
"735",-0.420646954569733,-0.162794999706545,-0.112447009048911,1.13358476212779
"736",-1.78053490332461,-0.107256646557833,-0.465817795381236,-0.380412377495105
"737",-1.53301476262348,-0.515291170416674,-0.423837431286648,4.13785472434249
"738",-0.024512168768844,-0.0101037864965793,-0.00688109773424983,0.0555311592988828
"739",0,-1.09449319640051e-05,0,0
"740",-1.37344185370103,-0.495978497195108,-1.08271655996267,2.15491032932598
"741",0.223961885075838,0.18842143865634,-0.189587797513454,-1.35991837846139
"742",0.773563413244718,0.108137894660532,0.759084694556922,-1.11791963177344
"743",0.926443668767683,0.0328201684852463,0.25273211654002,0.351649498921275
"744",0,-2.32925121375133e-05,0,0
"745",2.01696998338011,0.118891149088602,0.927295489265768,-0.971591002281434
"746",-1.79567640909839,-0.116795443358297,-0.78528715641417,0.16395163250322
"747",-0.00467757561447077,-0.00591679528750317,-0.00171772433475676,-0.00372479960255241
"748",0.18859114092278,0.0357055646972045,0.254754834783538,2.98572980858961
"749",-0.277426577025092,-0.0898355940861236,-0.227791557394983,0.228381053799841
"750",-1.41534372001642,-0.0520432644374334,-0.53055706716405,-1.07486965154916
"751",-0.123802664672698,-0.122954788250663,-0.0425939070109438,-0.116165144314924
"752",0.0943005542007834,-0.00568267287289279,-0.00856799398939896,-0.154544907741672
"753",0.617110010798268,-0.042791313451857,-0.02189849046633,-1.1402205203502
"754",0.441380414280926,-0.0249417147899331,0.0902326520920737,0.152580435991395
"755",1.29378487165966,-0.0565838898778818,-0.0609589173333889,-1.83069242943147
"756",2.54447019648959,0.131009640410206,1.67228160273609,-2.23555736649589
"757",-0.51082838696249,0.0668958583209307,0.0957843770709698,2.25230808817184
"758",-0.495601292854788,-0.0558452325742139,-0.480984658182947,0.658706959494259
"759",0,3.15895397412763e-05,0,0
"760",0.30935055214504,-0.00945948685427503,-0.0142814025759536,-0.532817925780504
"761",-0.431774968102732,-0.0107690697003264,-0.124137989673213,-0.194938523721733
"762",-2.18670389973015,-0.0491370945150949,-1.30969958472913,3.30982236229628
"763",-0.197807336450687,-0.0867682548600374,-0.0463459144086845,0.582845084151773
"764",0.0989496900178597,0.0912732943782369,0.0289615313990917,0.113376200888722
"765",-1.66771244274137,-0.0437376446936835,-0.370268682789364,-0.402996614441575
"766",0.491975644053827,-0.0253652112353609,-0.0135151527224543,-0.853127533230909
"767",-0.372513589127024,-0.173360363254152,-0.0953525826320728,0.59911819635137
"768",0.629995453323156,0.228776645591071,0.146281531225618,-1.98638026756289
"769",0,-4.0421106092291e-05,0,0
"770",-0.430671352349869,-0.0469183136449359,-0.391344611371762,1.52223059282528
"771",-0.0792900311012601,-0.305239541131542,0.441992390873214,1.765952066309
"772",0,0,0,0
"773",0.0112876657947612,0.204189089402042,0.57359456150276,0.467826482066379
"774",-1.12630043336229,-0.0505821472635588,-0.29712589749066,-0.156787679525099
"775",0,1.67128922139847e-05,0,0
"776",-0.715448409252666,-0.0302703702397649,-0.163727042178979,-0.218649482344073
"777",-1.00837934476638,-0.0225185098604525,-0.257163051416129,-0.425683483630856
"778",0.602889488412633,0.226335797285852,0.134118660179429,-1.58339613006357
"779",-0.517622689217748,-0.0543195112850556,-0.508437216617088,0.684211962983271
"780",-0.397604203155606,0.00270000132835934,-0.399045473635003,0.646294945798997
"781",0,0,0,0
"782",0.373855621292485,0.146999556267024,-0.00947660469304042,-0.949093710056758
"783",-0.0215006492147346,0.00146443378429154,0.00179329374669477,0.0335042851932068
"784",0.549154726041418,0.00635579701517887,0.180558167116124,0.355959063346577
"785",0.49805319139402,0.0104737698836129,0.123485287003043,0.185073089437194
"786",0,4.09386900914438e-06,0,0
"787",0,-4.69650407360532e-05,0,0
"788",0.994527894457395,-0.233757881338949,0.212342275413708,0.561007542543866
"789",0,-5.76594227382885e-05,0,0
"790",0,0.000160454642890173,0,0
"791",0.0519226703670312,0.0703365849070875,0.0162812624909901,0.0767114835940954
"792",-0.167044172387538,-0.0635243934480784,-0.0493414453901745,0.488025980716382
"793",0.781323597111928,0.0429499814245241,0.25574910109181,0.790237752356884
"794",-0.773158797673631,-0.134402872565361,0.435834497760789,2.21614937163954
"795",1.06670774663248,-0.0647890075182458,-0.0513862217101778,-1.83814262510501
"796",0.813357578524565,0.0414989219999193,0.428359545903511,1.59099097969613
"797",0,-9.19829975946019e-06,0,0
"798",-2.16387649364451,-0.105016825480016,-1.22473573858526,0.936017035197836
"799",-1.19546489220104,-0.279319435611122,-0.485176225821391,2.6308533869844
"800",1.87310158960892,-0.00579073695651734,0.116461714121598,-1.81620062338645
"801",0.615853920102682,-0.054066742288752,-0.265600761680586,-1.26232716066107
"802",0.0354014108914591,-0.238109218658335,0.167131058390113,-0.544462281691185
"803",-0.345316260818741,0.0143957918410773,0.0240734143614851,0.650141870135649
"804",0.480159260028082,0.0462560994511713,0.470498262269074,-0.628363513024291
"805",1.15258613877945,0.0263591949776007,0.272655763898198,0.351570844183471
"806",0,-4.38842151592815e-06,0,0
"807",-2.74781895570342,-0.187443075573248,-0.667367955110876,-0.43795489416599
"808",-0.552706164658311,0.0543690913729898,-0.295334380868683,0.567226053760312
"809",-0.0845010513708049,-0.052055995041034,-0.0207618039365817,0.0890209770351686
"810",0.215491315640702,-0.169959574099357,-0.0416823463791012,-0.588397681570282
"811",0,-2.19674801680604e-05,0,0
"812",-0.841547658619185,-0.0651707069390978,-0.847018263255724,1.23331510010708
"813",-0.0926253536048061,-0.0287498839250458,0.205746483936104,-0.0139039836099655
"814",-1.80430372559733,-0.268214250944546,-1.74345448590927,2.42055181314298
"815",-0.513187571223453,-0.295793608050884,-0.163350983361494,1.05673492967194
"816",-0.263586434549752,-0.0290858051927766,-0.0581376816665519,-0.116261500476897
"817",0.0525528218896723,0.0407166128543625,0.0890295141889856,2.34543520202909
"818",0,0.000148131890772774,0,0
"819",-0.138267712585371,0.00267493522895879,0.0134748329471767,0.257907209006367
"820",0,-3.22644094319541e-05,0,0
"821",-0.418228996902944,0.0182383798288509,0.0230005909013002,0.683127819080032
"822",0.425085885714531,0.0420499534300571,0.417947870686113,-0.574361031368738
"823",0,0,0,0
"824",-1.45078414262859,-0.0180057394349746,-0.402302560129192,-0.527965953935038
"825",0,7.6267554917806e-06,0,0
"826",-1.21084973126231,0.103180147868326,-0.208337422470601,0.17303300083629
"827",0.485964895705974,0.0460286463636641,0.617605799510854,-0.608966023391832
"828",0.226137218432798,0.0665826190067855,0.189283516719723,-0.158741947701774
"829",1.24233671716288,0.175727049636645,0.512254027274217,-1.41959266241952
"830",-0.715786815325225,-0.0665795365447267,-0.705290699881919,0.924063203581426
"831",0.00936214491290016,0.014834528329569,0.00390588426824091,0.0183990027106928
"832",0,-5.32673553875061e-05,0,0
"833",0.865934493008147,-0.0506509771391013,-0.255093161704815,-1.60670515133527
"834",0,-2.28758652716566e-05,0,0
"835",-0.854597551817523,-0.103409432506694,-0.870397102109216,1.22864720212084
"836",-0.613124389443821,-0.0747469510860478,-0.600800459113091,0.840154731613731
"837",0,-3.37676731478689e-05,0,0
"838",0,0,0,0
"839",-0.669870027348283,0.0477517184857235,0.0311650289453258,1.18093894212748
"840",0,6.96060236092714e-06,0,0
"841",-0.0640480748008774,-0.115330681055204,0.238372587915723,1.35518325561124
"842",-0.168953985610881,-0.0201391172983892,-0.159083176353566,0.213984740593114
"843",0.674537216895272,0.0138882331985564,0.179129337338593,0.28756764022985
"844",-0.921427804091658,-0.124563571042686,-1.2617368029793,2.13109955971254
"845",-0.0498184864664744,0.00623772937716248,0.0030567143893778,0.113805816088361
"846",1.13373143882504,0.0115522843509797,0.394407675417388,0.627488132556376
"847",-0.412955256602873,0.120928552547941,-0.0959503085686594,-0.0520996713485472
"848",-0.0109811154724575,0.151224024925291,0.0381459265874352,0.388320129714682
"849",-0.600836463072767,-0.015369598316197,0.0227509921284986,-2.1331866761472
"850",0,-1.75589588762718e-05,0,0
"851",0.667078582442918,0.111333748671861,1.09344769907748,-2.38356675486568
"852",-1.31048957672302,-0.168876188272676,-0.304763126242916,1.31582085495242
"853",-0.47038409377935,0.071099612417236,-0.109191575678731,-0.894522796921865
"854",1.31208283057698,0.269233952954121,0.188282776980544,-2.38317956623815
"855",0,0,0,0
"856",0.0700179095162159,0.0814178283661943,0.0184810056210126,0.0621639831918207
"857",-1.65323728219927,-0.16249738853757,-1.64113601060284,2.27521206792827
"858",-1.07676299565742,-0.122287899748816,-1.04437956610878,1.59507956791527
"859",0.165463824657317,0.0173382766772193,-0.0184450670866678,-0.106438771087907
"860",0.236413792998126,0.0238592364929821,0.235022714040499,-0.301812290020885
"861",-0.474807900827376,0.113689159179609,0.0763329808247786,1.01299328579032
"862",0,0,0,0
"863",0.254382352361407,0.0720658735427946,0.0782544161263978,-0.666671315859423
"864",0.804009099228764,0.318750223139554,0.196380023725461,-2.3779340736078
"865",0.896360031235148,0.20450266800114,0.144578252071713,-2.395745282593
"866",0,0,0,0
"867",0.0840578594172189,0.00703272480959396,0.081913692697742,-0.105295153264998
"868",0.700805043767493,-0.0292036195949275,-0.0329151050139844,-1.2788046307377
"869",0.383403818486348,0.0462076403452638,0.470785399355487,-0.463079223016982
"870",-0.472348628325947,-0.0309157878046765,-0.467065067844504,0.622092054102129
"871",0,-1.64878467599774e-06,0,0
"872",-0.615048251180557,-0.133390691547208,-0.25490087373312,-0.762556531893539
"873",-0.630464917982595,-0.0236755685313196,-0.12081154852434,-0.23836675977429
"874",-0.746363864901559,-0.184467795618796,-0.179748276770841,2.3747882500615
"875",0,-2.01561904618297e-05,0,0
"876",0.00928003685844192,0.00147077091400635,0.00133810720033196,0.00356564496020464
"877",0,3.09192367629821e-05,0,0
"878",-0.126093166431254,0.0797696956613524,0.205654525774175,3.04873534078719
"879",0.280591251932505,-0.069242888125496,-0.260036140506286,-0.669141922777824
"880",0.56590927681046,0.00799846900261497,0.164290408669498,0.359814693841986
"881",0.205712966396638,0.0942812142927218,0.672505739970247,-0.0837939440331969
"882",-0.255815867820839,-0.028898495516195,-0.250473965317993,0.319736167180686
"883",-0.0623536013849594,0.00300344575346975,0.00403275199511099,0.122065950019916
"884",0,0,0,0
"885",0,0,0,0
"886",0,-2.20253195929676e-05,0,0
"887",0.37684847022988,0.0288987348435569,0.368808253578839,-0.496254838372742
"888",0.0705476822751722,0.0709104059402071,0.0119683898832406,0.0697232485397999
"889",0.34613028501593,0.0416747196482729,0.339869555642876,-0.480072437401334
"890",0.70751658958264,0.196483691190856,0.186110699039427,-1.36600527022449
"891",0.379459589262858,0.149379811136863,0.0789655099225935,-1.04431200347063
"892",1.30467818246093,0.0914724231277254,1.28198804112136,-1.61249455428059
"893",1.63486902076824,0.0878214239006312,1.64914985840474,-2.09862070394695
"894",-1.01696917920906,-0.292784039955626,-0.56501703019285,2.25314104165391
"895",0,2.32960406463049e-05,0,0
"896",0.198545858014823,-0.0989981711174563,0.0349837510398079,0.0100760091245169
"897",-0.501987207001865,0.00217538251001786,-0.0752760385271078,0.202091408659996
"898",0,5.14597506934662e-06,0,0
"899",-0.0400142975970274,-0.0523128499515152,-0.0137542117160536,-0.0436140418253996
"900",0,9.90461692530286e-06,0,0
"901",-0.555895255191395,-0.0717638900466175,-0.615623764100054,0.761849126919711
"902",0.763851830296769,0.253231825410878,0.636735603725173,-0.0954643541058859
"903",-0.519510013424063,-0.0138688655566994,-0.146607947337347,-0.209737327670885
"904",-0.378791374197741,0.0450528421547415,-0.10099095227851,0.749226432730695
"905",-0.731702783179868,-0.0131270636588154,-0.144837856610463,-0.326336757293285
"906",1.12326710432769,0.0171890058527621,0.390748791034994,0.355703720190906
"907",-0.109049659804696,0.00270860731104298,0.00492568384157056,0.175968831279527
"908",0.34513924900196,0.117454760695999,0.0931328781693926,-0.86419515253985
"909",-0.117231040783727,-0.207967739861496,-0.18489663741554,0.797541502119274
"910",0,-3.78403768266242e-05,0,0
"911",-0.633583254525245,0.00774446536309943,0.0394240147085914,1.00805799263105
"912",0.497046424324806,0.0257654679789748,0.491694519767315,-0.615925545888829
"913",1.11627826409866,-0.0795736114616497,-0.0414573138009296,-2.10040437591588
"914",0,-1.28383048933194e-05,0,0
"915",0.306205741800907,0.00600087777412755,0.0798255922184556,0.122077078988793
"916",0.311329039586447,0.0339886955277171,0.307753429790169,-0.440079179648014
"917",1.16646081812851,0.0646450421329207,0.631754727463975,-1.88959916143141
"918",-1.27667898573189,-0.0666040578944868,-0.211935568115706,0.712629698361704
"919",0.00902567669661599,0.000845078228318542,0.00165007545972639,-0.0129016144887361
"920",-0.0986098703109425,-0.115085125113422,-0.0343828848283447,-0.13212688584422
"921",-1.63472750082186,-0.110992883927333,-1.19562088264572,1.27714352694186
"922",-0.700414702640647,0.119510656933039,0.0914095293068759,0.969581725777791
"923",-0.699850058549113,-0.052977126786406,-0.694831364708306,0.873519879138099
"924",-0.287777961426788,-0.0659760200309839,-0.410535854960515,-0.267855263636023
"925",0.290628232449785,0.0821720275391148,0.247061476635834,-0.299169343099173
"926",0.856565783310542,-0.0760956398015103,0.0573314374533188,-0.326955516361987
"927",-0.520922270778156,-0.0217515663499165,-0.0805063448753737,-0.220082164300439
"928",-0.142293863075884,-0.0886325169113045,-0.0615479605476685,0.24633329078376
"929",1.08056042760656,0.357819181667464,0.236731467258695,-2.16170334501911
"930",0.49429444842016,0.0140466060407381,0.13394469883592,0.235661843554321
"931",-0.415299421841333,-0.135352317347363,-0.11477551725142,1.13668457508947
"932",-0.56356703229653,-0.070253910513915,-0.555845206633759,0.762360606527602
"933",0.0683833302978603,0.0844178146197555,0.0276823589567477,0.0835617200702759
"934",0.0265014096835264,-0.0170426911938465,0.0417777294029532,-0.0710562727098932
"935",-1.84546648839109,-0.202019353666351,-0.656513521505339,-0.374152129686532
"936",-1.18416068818332,-0.228338895950391,-0.289725730230392,0.577677276015907
"937",-0.280312237259523,-0.00487396345307238,-0.0694799505679655,-0.118921076275298
"938",0,0,0,0
"939",0.18259401867461,-0.103628123421545,0.046353259942183,-1.32272440205065
"940",0.532090405393769,0.179380225100259,0.126942034643382,-1.66425549493426
"941",0.447736100137703,0.0400368509499217,0.440024208630037,-0.595100894680981
"942",0,2.47187898522947e-05,0,0
"943",-0.0538679714604022,-0.0670126076389174,-0.0106485284117031,-0.095617703104806
"944",-1.02082075004173,-0.329855086946025,-0.290152372929845,2.73717459532492
"945",-0.0911374872213472,-0.00199760632215294,-0.0186877709711061,-0.023324490929751
"946",0,9.11334442389844e-05,0,0
"947",-0.0444174887878069,0.0803831976558347,0.210940368318248,1.80707240846273
"948",-0.760118530923365,-0.0664983928982772,-0.610783194049133,1.02118673424295
"949",0,-9.45724893539205e-05,0,0
"950",-0.980084049376367,-0.0416555030587382,-0.23571116503123,-0.341379939943337
"951",0.0926759274296659,0.109909857052117,0.0350453019658303,0.11421581880734
"952",0.049316563287744,-0.00431182569283657,-0.00214929882967694,-0.0845794806504148
"953",1.50642876786617,0.0095083835497603,0.437123087380835,-0.277778921529457
"954",-0.158219234672715,-0.168120979771829,-0.0402888116781228,-0.151650928827401
"955",1.33876415363655,0.0207308578979346,0.355884292963233,0.425286310709253
"956",-0.22136228807748,-0.00647632364276998,-0.0594874256712039,-0.0822604708620185
"957",-1.11688884418833,-0.023548734255595,-0.296539739542335,-0.390501515117699
"958",0.503994535507184,-0.0465460210337295,0.190461887106502,-0.885676016093247
"959",0.804680436868459,0.172486566322208,0.129399270492939,-2.14041544645589
"960",-0.228996574170716,0.0144745237493205,0.180987340913964,-0.659913962582881
"961",0.191430362489861,0.222361719747028,0.0465486654811373,0.18457504630704
"962",-0.144747334146612,-0.0557073599681219,-0.0433088398915885,0.438289619086766
"963",-0.456577580292318,-0.0567541103645244,-0.4510236361389,0.59922626433294
"964",-1.36385628077187,-0.394626110037873,-0.40097005164597,2.28077005434005
"965",0.558330166291435,0.0149514743910868,0.144394937386645,0.221215288852628
"966",0.753975867332702,0.101094211504958,0.67977772506629,-1.01553518855012
"967",0.238615455368974,0.027759289051487,0.235006742709227,-0.302753717521356
"968",0.00147830251935308,0.172445712683008,-0.121308006210823,0.487386142361903
"969",0.046429655323604,0.00143980202481366,0.0118571891850415,0.0209833365279613
"970",0.262017746225976,-0.0693538265206453,0.314866366016831,-0.506436298821709
"971",0.312626724192238,-0.0154660125031417,-0.028000846682888,-0.587017324822716
"972",0,0,0,0
"973",-1.69266239158208,-0.109373646672824,-0.445592665535048,-0.554604396699002
"974",0.609269746418022,0.214665322477804,0.358336725414335,-1.11491416637929
"975",0.0926209539470708,-0.0830364864369671,-0.322205867693268,-0.312108729449521
"976",0.615699916390115,0.250809434466315,0.17251070916468,-1.90388463185306
"977",-0.0688068329978111,-0.0887481256652876,-0.0236479840980094,-0.08721909806849
"978",-1.74539133899693,0.0318573323464192,-0.0598019201860626,1.8963824307323
"979",0.142631433561617,0.017788705836701,0.0810641085168899,1.93683204015804
"980",-0.117015340572537,-0.0290085853270646,-0.105239415517356,0.106480370850722
"981",-0.279324700918621,-0.0399954270053359,-0.274738081537575,0.382171548885163
"982",-1.35111011325339,-0.107457219914988,-1.3331762275808,1.72230727205221
"983",0.353570660132729,0.226642311152169,0.19989694920512,-1.45161736638815
"984",0.52993718014129,-0.146513453427279,-0.0575359815314334,-1.28564155355181
"985",-0.716201547260339,-0.191649266147619,-0.180307963496009,1.85378096888873
"986",0.148632559756319,0.00829950208443117,0.172281715902944,-0.145420007995572
"987",-0.352768719232552,-0.26029010367734,-0.0914398580148458,0.282536492699653
"988",0.0758619114404004,-0.0477292345870888,0.0214090749368641,-1.02865002907346
"989",1.44197146960867,0.030238579210052,0.616022673568587,0.954773293881793
"990",-0.00802067284944146,-0.00781411917405535,-0.0040823854136929,-0.00284368415539199
"991",0.498093517471258,0.16508863539972,0.125875858722261,-1.56434070687405
"992",0,0,0,0
"993",0.582673534232382,0.0498476095788359,0.577342384911004,-0.729552536289768
"994",0,0,0,0
"995",0.866076871125665,0.0111037463089621,0.29758684068269,0.789847854301855
"996",0.0645359407160743,0.0653065719433951,0.0139316385896918,0.0579878242618565
"997",0.61314690679639,0.113840223425235,0.00269583786729193,-0.795378461751654
"998",-0.244365419235564,0.0158639083050804,0.057252104685975,0.473630794958186
"999",0,0,0,0
"1000",0.167374650754025,-0.0237729973106901,0.601922762378776,-0.33552174877882
